Site_code,x,y,Heat_L,PC1,PC2,PC3,Time,Site,Burnt,Habitat,Year,Max_age,Dung,DungL,Altitude,Slope,Aspect,Shrub_ht_cm,Shrub_cover,Graminoids_%,Herb,Other_mosses,bushy lichens,Sphagnum_sp%,Open_water,Pteridium aquilinum,Bare_peat
CH250,215288,330452,0.7922,-0.141547574,0.33594541,0.176906232,2013,CH,N,Bog,2013,17,None,None,321,1.910344,77.005386,45,72,12,3,28,0,4,0,0,0
CH250,215288,330452,0.7922,-0.141547574,0.33594541,0.176906232,2014,CH,N,Bog,2014,19,None,None,321,1.910344,77.005386,43,64,11,2,33,0,6,0,0,0
CH251,215286,330745,0.7978,-0.141547574,0.33594541,0.176906232,2013,CH,N,Bog,2013,9,None,None,319,1.742046,99.462318,26,27,53,3,4,0,63,0,0,0
CH251,215286,330745,0.7978,-0.141547574,0.33594541,0.176906232,2014,CH,N,Bog,2014,11,None,None,319,1.742046,99.462318,26,39,46,1,3,0.5,40,0,0,0
CH252,215293.3333,331048.3333,0.7981,-0.141547574,0.33594541,0.176906232,2012,CH,N,Bog,2012,4,Rare,Low,332,2.1807,113.199,14,11,20,0.5,0.5,0,68,0,0,0
CH252,215293.3333,331048.3333,0.7981,-0.141547574,0.33594541,0.176906232,2013,CH,N,Bog,2013,5,None,None,332,2.1807,113.199,14,25,27,1,0.5,0,48,0,0,0
CH252,215293.3333,331048.3333,0.7981,-0.141547574,0.33594541,0.176906232,2014,CH,N,Bog,2014,6,Rare,Low,332,2.1807,113.199,18,22,27,1,1,0,70,0,0,1
CH253,215291,331352,0.8039,-0.06808481,0.161687488,-0.243467277,2012,CH,N,Bog,2012,3,Frequent,High,348,6.02102,148.57,10,7,71,0.5,0.5,0,1,0,0,20
CH253,215291,331352,0.8039,-0.06808481,0.161687488,-0.243467277,2013,CH,N,Bog,2013,4,None,None,348,6.02102,148.57,24,8,64,3,0.5,0,16,0,0,9
CH253,215291,331352,0.8039,-0.06808481,0.161687488,-0.243467277,2014,CH,N,Bog,2014,5,Occaisional,Low,348,6.02102,148.57,17,14,79,1.5,5,0,9,0,0,1
CH256,215282,332242.5,0.7855,-0.050274788,-0.087909046,-0.420036732,2012,CH,N,Bog,2012,4,None,None,396,2.36968,25.0169,15,5,62,27,0.5,0,4,0,0,1.5
CH256,215282,332242.5,0.7855,-0.050274788,-0.087909046,-0.420036732,2013,CH,N,Bog,2013,5,None,None,396,2.36968,25.0169,16,26,38,23,1,0,11,0,0,2
CH256,215282,332242.5,0.7855,-0.050274788,-0.087909046,-0.420036732,2014,CH,N,Bog,2014,6,Rare,Low,396,2.36968,25.0169,14,15,43,26,4,0,12,1,0,1
CH257,215287,332542,0.7168,-0.327395244,0.348135775,0.271446103,2012,CH,Y,Bog,2012,3,None,None,368,8.92501,13.815,12,7,54,4,0.5,0,2,1,0,33
CH257,215287,332542,0.7168,-0.327395244,0.348135775,0.271446103,2013,CH,Y,Bog,2013,4,None,None,368,8.92501,13.815,14,22,38,2,1,0,3,0,0,34
CH257,215287,332542,0.7168,-0.327395244,0.348135775,0.271446103,2014,CH,Y,Bog,2014,5,None,None,368,8.92501,13.815,20,13,59,8,1,0,1,0,0,20
CH265,215603,330748,0.7742,-0.982532925,0.380075118,0.732174112,2012,CH,N,Bog,2012,16,None,None,314,3.29399,34.3803,60,67,11,1,22,0,0.5,0,0,0
CH265,215603,330748,0.7742,-0.982532925,0.380075118,0.732174112,2013,CH,N,Bog,2013,17,None,None,314,3.29399,34.3803,82,55,2,0.5,32,0,6,0,0,5
CH265,215603,330748,0.7742,-0.982532925,0.380075118,0.732174112,2014,CH,N,Bog,2014,18,None,None,314,3.29399,34.3803,58,65,3,2,18,0,6,0,0,10
CH270,215590,332249,0.7821,-0.218347261,0.612818603,0.281440194,2012,CH,N,Bog,2012,6,Occaisional,Low,392,2.91899,11.3099,14,13,42,0,2,0,0,0.5,0,43
CH270,215590,332249,0.7821,-0.218347261,0.612818603,0.281440194,2013,CH,N,Bog,2013,7,Occaisional,Low,392,2.91899,11.3099,14,29,35,0,1,0,2,0,0,33
CH270,215590,332249,0.7821,-0.218347261,0.612818603,0.281440194,2014,CH,N,Bog,2014,8,None,None,392,2.91899,11.3099,20,32,41,0,3,0,0,1,0,24
CH276,215888,330751,0.8039,0.16396047,0.587655695,0.086020186,2012,CH,N,Bog,2012,1,None,None,313,6.02102,301.43,25,19,48,0.5,7,0,24,0,0,2
CH276,215888,330751,0.8039,0.16396047,0.587655695,0.086020186,2013,CH,Y,Bog,2013,2,Frequent,High,313,6.02102,301.43,4,3,65,0,0.5,0,0.5,0,0,32
CH276,215888,330751,0.8039,0.16396047,0.587655695,0.086020186,2014,CH,Y,Bog,2014,3,Frequent,High,313,6.02102,301.43,8,18,35,1,0,0,8,0,0,35
CH282,215900,332544,0.6897,0.19291947,0.498154646,0.163282055,2012,CH,N,WH,2012,4,Rare,Low,351,10.7087,24.1932,18,25,13,1,60,0,0,0,0,2
CH282,215900,332544,0.6897,0.19291947,0.498154646,0.163282055,2013,CH,N,WH,2013,5,Rare,Low,351,10.7087,24.1932,19,27,29,0.5,43,0,1,0,0,2
CH282,215900,332544,0.6897,0.19291947,0.498154646,0.163282055,2014,CH,N,WH,2014,6,None,None,351,10.7087,24.1932,29,61,29,2,37,0,6,0,0,1
CH287,216187,331343.5,0.7449,0.115076372,0.157239664,0.281931927,2012,CH,Y,Bog,2012,1,Abundant,High,285,5.93646,62.8189,4,11,6,0,0.5,0,0.5,0,0,83
CH287,216187,331343.5,0.7449,0.115076372,0.157239664,0.281931927,2013,CH,Y,Bog,2013,2,Rare,Low,285,5.93646,62.8189,10,16,1,0,9,0,0.5,0,0,74
CH287,216187,331343.5,0.7449,0.115076372,0.157239664,0.281931927,2014,CH,Y,Bog,2014,3,Occaisional,Low,285,5.93646,62.8189,19,39,1,0,51,0,0.5,0,0,9
CH291,216187,332546,0.7479,0.105953358,0.508717687,0.225567162,2012,CH,Y,Bog,2012,1,Abundant,High,330,5.51205,53.427,5,26,15,0,0.5,0,1,0,0,58
CH291,216187,332546,0.7479,0.105953358,0.508717687,0.225567162,2013,CH,Y,Bog,2013,2,Frequent,High,330,5.51205,53.427,12,32,36,0,2,0,1,0,0,29
CH291,216187,332546,0.7479,0.105953358,0.508717687,0.225567162,2014,CH,Y,Bog,2014,3,None,None,330,5.51205,53.427,16,41,38,0,5,0,16,0,0,15
CH291A,216252,332273,0.7824,-0.74021897,-0.898540552,0.814003042,2012,CH,N,DH,2012,9,Frequent,High,340,7.66235,131.987,20,95,4,0,1,0,0,0,0,0
CH291A,216252,332273,0.7824,-0.74021897,-0.898540552,0.814003042,2013,CH,N,DH,2013,10,None,None,340,7.66235,131.987,26,92,8,0,25,0,0,0,0,0
CH291A,216252,332273,0.7824,-0.74021897,-0.898540552,0.814003042,2014,CH,N,DH,2014,11,None,None,340,7.66235,131.987,28,94,6,0,15,0,0,0,0,0
CH292,216184,332846.5,0.7841,-0.175343682,-1.447779948,1.311936273,2012,CH,Y,Bog,2012,1,Rare,Low,306,3.3187,352.569,5,12.5,11,0,0.5,0,59,0.5,0,16.5
CH292,216184,332846.5,0.7841,-0.175343682,-1.447779948,1.311936273,2013,CH,Y,Bog,2013,2,None,None,306,3.3187,352.569,9,50,13,0,12,0,14,0,0,11
CH292,216184,332846.5,0.7841,-0.175343682,-1.447779948,1.311936273,2014,CH,Y,Bog,2014,3,Frequent,High,306,3.3187,352.569,15,54,11,0,12,0,13,0,0,10
CH295,216488,331346.6667,0.7101,0.182150555,-0.281060446,-0.229444511,2012,CH,Y,WH,2012,1,Occaisional,Low,239,8.96054,64.6538,4,16,55,1,0.5,0,17,0,0,10.5
CH295,216488,331346.6667,0.7101,0.182150555,-0.281060446,-0.229444511,2013,CH,Y,WH,2013,2,Occaisional,Low,239,8.96054,64.6538,12,5,37,1,10,0,19,0,0,28
CH295,216488,331346.6667,0.7101,0.182150555,-0.281060446,-0.229444511,2014,CH,Y,WH,2014,3,Occaisional,Low,239,8.96054,64.6538,21,14,35,4,22,0,25,0,0,0
CH296,216490,331644,0.7842,-0.302556667,-0.110437217,0.271261803,2012,CH,Y,Bog,2012,1,Frequent,High,262,4.85846,118.072,7,4,1,0,6,0,1,0,0,88
CH296,216490,331644,0.7842,-0.302556667,-0.110437217,0.271261803,2013,CH,Y,Bog,2013,2,Occaisional,Low,262,4.85846,118.072,5,22,9,0,13,0,1,0,0,55
CH296,216490,331644,0.7842,-0.302556667,-0.110437217,0.271261803,2014,CH,Y,Bog,2014,3,Occaisional,Low,262,4.85846,118.072,13,41,11,0,24,0,5,0,0,22
CH296A,216512,331573,0.795,-0.436261224,0.180235337,0.655418358,2012,CH,Y,DH,2012,1,Abundant,High,257,5.65715,137.045,5,45,2,7,0.5,0,0,0,20,26
CH296A,216512,331573,0.795,-0.436261224,0.180235337,0.655418358,2013,CH,Y,DH,2013,2,Rare,Low,257,5.65715,137.045,8,72,1,1,7,0,0,0,0,2
CH296A,216512,331573,0.795,-0.436261224,0.180235337,0.655418358,2014,CH,Y,DH,2014,3,Occaisional,Low,257,5.65715,137.045,29,72,16,9,6,0,0,0,34,2
CH298,216505,332224,0.8086,0.570703369,0.748932322,0.201938037,2012,CH,Y,Bog,2012,1,None,None,296,3.1416,149.931,7,13,48,0,0.5,0,20,15,0,4
CH298,216505,332224,0.8086,0.570703369,0.748932322,0.201938037,2013,CH,Y,Bog,2013,2,None,None,296,3.1416,149.931,15,24,60,0,0.5,0,10,0,0,5
CH298,216505,332224,0.8086,0.570703369,0.748932322,0.201938037,2014,CH,Y,Bog,2014,3,None,None,296,3.1416,149.931,17,34,65,0.5,2,0,8,0,0,3
CH298A,216508,332091,0.8024,-0.442480301,-0.383267652,0.860928908,2012,CH,Y,DH,2012,1,Abundant,High,291,6.84571,148.627,3,40,0.5,0,40,0,0,0,10,9.5
CH298A,216508,332091,0.8024,-0.442480301,-0.383267652,0.860928908,2013,CH,Y,DH,2013,2,Abundant,High,291,6.84571,148.627,8,78,2,0,7,0,0,0,3,13
CH298A,216508,332091,0.8024,-0.442480301,-0.383267652,0.860928908,2014,CH,Y,DH,2014,3,Frequent,High,291,6.84571,148.627,17,87,4,0,20,0,0,0,0,2
CH301,216788,331647,0.7619,NA,NA,NA,2012,CH,N,DH,2012,12,None,None,198,5.89543,96.953,0,0,35,15,0.5,0,0,0,40,10
CH301,216788,331647,0.7619,NA,NA,NA,2013,CH,N,DH,2013,13,None,None,198,5.89543,96.953,0,0,59,13,2,0,0,0,36,0
CH301,216788,331647,0.7619,NA,NA,NA,2014,CH,N,DH,2014,14,None,None,198,5.89543,96.953,0,0,35,15,8,0,0,0,86,0
EM103,332714,328344,0.8255,0.754296156,-0.269057058,-0.49277092,2012,EM,N,Bog,2012,7,None,None,377,11.907,280.244,20,27,50,8,15,0,0,0,0,0
EM103,332714,328344,0.8255,0.754296156,-0.269057058,-0.49277092,2013,EM,N,Bog,2013,8,Rare,Low,377,11.907,280.244,18,21,57,6,12,0,0,0,0,3
EM103,332714,328344,0.8255,0.754296156,-0.269057058,-0.49277092,2014,EM,N,Bog,2014,9,None,None,377,11.907,280.244,27,29,42,9,21,0,0,0,0,0
EM123,333167,324785,0.7837,1.327631601,-0.396113892,0.254049714,2012,EM,Y,WH,2012,1,None,None,295,8.44627,135,25,55,10,1,0,0,0,0,0,16
EM123,333167,324785,0.7837,1.327631601,-0.396113892,0.254049714,2013,EM,Y,WH,2013,2,Frequent,High,295,8.44627,135,17,41,6,1,1,0,0,0,0,51
EM123,333167,324785,0.7837,1.327631601,-0.396113892,0.254049714,2014,EM,Y,WH,2014,3,Frequent,High,295,8.44627,135,20,30,31,1,4,0,0,0,0,6
EM134,333163,328340,0.868,-0.005682954,-0.840096582,-0.159405539,2012,EM,N,DH,2012,7,Frequent,High,392,14.3988,202.319,37,21,78,0.5,0,0,0.5,0,0,0
EM134,333163,328340,0.868,-0.005682954,-0.840096582,-0.159405539,2013,EM,N,DH,2013,8,None,None,392,14.3988,202.319,34,30,69,1,0.5,0,0,0,0,0
EM134,333163,328340,0.868,-0.005682954,-0.840096582,-0.159405539,2014,EM,N,DH,2014,9,Occaisional,Low,392,14.3988,202.319,36,18,80,4,1,0,0,0,0,0
EM139,333607,323429,0.6323,-0.350243935,-0.792707158,-0.477605093,2012,EM,N,DH,2012,11,Rare,Low,286,15.2142,60.8431,28,40,48,2,10,0,0,0,0,0
EM139,333607,323429,0.6323,-0.350243935,-0.792707158,-0.477605093,2013,EM,N,DH,2013,12,Frequent,High,286,15.2142,60.8431,35,44,52,2,2,0,0,0,0,0
EM139,333607,323429,0.6323,-0.350243935,-0.792707158,-0.477605093,2014,EM,N,DH,2014,13,Frequent,High,286,15.2142,60.8431,45,58,33,3,4,0,0,0,0,0
EM142,333606,324764,0.7355,0.781844462,-0.066597373,1.126913555,2012,EM,Y,WH,2012,1,None,None,250,9.57404,101.976,4,35,45,5,0,0,0,0,0,15
EM142,333606,324764,0.7355,0.781844462,-0.066597373,1.126913555,2013,EM,Y,WH,2013,2,Occaisional,Low,250,9.57404,101.976,7,15,69,1,2,0,0,0,0,3
EM142,333606,324764,0.7355,0.781844462,-0.066597373,1.126913555,2014,EM,Y,WH,2014,3,Abundant,High,250,9.57404,101.976,9,5,77,2,16,0,0,0,0,2
EM143,333608,325210,0.7753,1.677614075,0.299695608,0.65677452,2012,EM,Y,WH,2012,1,None,None,282,6.18982,115.974,4,10,40,0,0,0,0,0,0,70
EM143,333608,325210,0.7753,1.677614075,0.299695608,0.65677452,2013,EM,Y,WH,2013,2,Frequent,High,282,6.18982,115.974,6,4,13,0.5,1,0,0,0,0,49
EM143,333608,325210,0.7753,1.677614075,0.299695608,0.65677452,2014,EM,Y,WH,2014,3,Occaisional,Low,282,6.18982,115.974,5,6,5,0,2,0,0,0,0,39
EM144,333614,325653,0.7259,-0.090411089,-0.22861585,0.180576256,2012,EM,Y,WH,2012,1,None,None,309,13.7594,117.35,5,12,40,4,0,0,8,0,0,36
EM144,333614,325653,0.7259,-0.090411089,-0.22861585,0.180576256,2013,EM,Y,WH,2013,2,Frequent,High,309,13.7594,117.35,6,30,60,1,1,0,0,0,0,8
EM144,333614,325653,0.7259,-0.090411089,-0.22861585,0.180576256,2014,EM,Y,WH,2014,3,Abundant,High,309,13.7594,117.35,9,19,69,0.5,4,0,0,0,0,5
EM157,334055,324761,0.8651,0.415061611,-0.258235771,-0.660170748,2012,EM,N,WH,2012,11,None,None,202,11.0059,226.042,27,21,87,1.5,0,0,0,0,0,0.5
EM157,334055,324761,0.8651,0.415061611,-0.258235771,-0.660170748,2013,EM,N,WH,2013,12,None,None,202,11.0059,226.042,33,43,47,9,0,0,0,0,0,1
EM157,334055,324761,0.8651,0.415061611,-0.258235771,-0.660170748,2014,EM,N,WH,2014,13,None,None,202,11.0059,226.042,30,30,57,8,0,0,1,0,0,4
EM160,334061,326107,0.5997,0.516933361,-0.670475706,0.962517078,2012,EM,Y,DH,2012,1,Frequent,High,309,27.3886,112.109,4,10,48,2,0,0,0,0,0,40
EM160,334061,326107,0.5997,0.516933361,-0.670475706,0.962517078,2013,EM,Y,DH,2013,2,Occaisional,Low,309,27.3886,112.109,11,23,64,0.5,2,0,0,0,0,3
EM160,334061,326107,0.5997,0.516933361,-0.670475706,0.962517078,2014,EM,Y,DH,2014,3,Abundant,High,309,27.3886,112.109,10,31,57,2,7,0,0,0,0,1
EM162,334058,326551,0.5271,-0.072126554,0.450498026,0.519526402,2012,EM,Y,DH,2012,1,Rare,Low,365,28.2893,92.9289,6,20,9,1,1,0,0,0,0,54
EM162,334058,326551,0.5271,-0.072126554,0.450498026,0.519526402,2013,EM,Y,DH,2013,2,Frequent,High,365,28.2893,92.9289,12,36,11,0.5,6,0,0,0,0,7
EM162,334058,326551,0.5271,-0.072126554,0.450498026,0.519526402,2014,EM,Y,DH,2014,3,Frequent,High,365,28.2893,92.9289,17,47,8,0,16,0,0,0,0,4
EM175,334509,324759,0.8561,0.456347804,-1.155972391,0.298689392,2012,EM,Y,WH,2012,1,None,None,222,9.64805,208.072,12,1,66,1,0,0,0,0,0,32
EM175,334509,324759,0.8561,0.456347804,-1.155972391,0.298689392,2013,EM,Y,WH,2013,2,None,None,222,9.64805,208.072,25,0.5,88,1,0.5,0,0,0,0,11
EM175,334509,324759,0.8561,0.456347804,-1.155972391,0.298689392,2014,EM,Y,WH,2014,3,None,None,222,9.64805,208.072,28,3,68,1,3,0,0,0,0,25
EM176,334502,325212,0.8885,0.196721453,0.408355526,0.843892213,2012,EM,Y,DH,2012,1,Frequent,High,337,19.6324,238.761,5,7,8,0.5,0,0,0,35,0,47
EM176,334502,325212,0.8885,0.196721453,0.408355526,0.843892213,2013,EM,Y,DH,2013,2,None,None,337,19.6324,238.761,6,40,19,1,31,0,0,0,0,10
EM176,334502,325212,0.8885,0.196721453,0.408355526,0.843892213,2014,EM,Y,DH,2014,3,Frequent,High,337,19.6324,238.761,14,48,27,3,25,0,0,0,0,5
EM177,334504,325656,0.7965,-0.413215117,-0.329974741,0.225482856,2012,EM,Y,DH,2012,1,Frequent,High,380,27.1614,285.255,5,2,9,0,12,0,0,0,0,77
EM177,334504,325656,0.7965,-0.413215117,-0.329974741,0.225482856,2013,EM,Y,DH,2013,2,None,None,380,27.1614,285.255,5,27,32,0,16,0,0,0,0,25
EM177,334504,325656,0.7965,-0.413215117,-0.329974741,0.225482856,2014,EM,Y,DH,2014,3,Frequent,High,380,27.1614,285.255,10,28,27,0.5,10,0,0,0,0,0
EM178,334497,326101,0.8345,0.081450879,-1.453907979,-0.957312432,2012,EM,Y,DH,2012,1,None,None,338,26.9417,273.102,4,1.5,76,1,0.5,0,0,0,0,21
EM178,334497,326101,0.8345,0.081450879,-1.453907979,-0.957312432,2013,EM,Y,DH,2013,2,None,None,338,26.9417,273.102,7,23,67,3,3,0,0,0,0,3
EM178,334497,326101,0.8345,0.081450879,-1.453907979,-0.957312432,2014,EM,Y,DH,2014,3,None,None,338,26.9417,273.102,12,13,72,0.5,2,0,0,0,0,5
EM190,334949,324313,0.8572,0.13484132,-0.760242791,-0.574496147,2012,EM,N,WH,2012,13,None,None,214,9.40944,236.07,30,32,57.5,1,0,0.5,5,0,0,4
EM190,334949,324313,0.8572,0.13484132,-0.760242791,-0.574496147,2013,EM,N,WH,2013,14,None,None,214,9.40944,236.07,32,20,75,0,0.5,0,2,0,0,2
EM190,334949,324313,0.8572,0.13484132,-0.760242791,-0.574496147,2014,EM,N,WH,2014,15,None,None,214,9.40944,236.07,29,21,72,0,0.5,0,4,0,0,22
EM193,334949,325210,0.9031,-0.138819789,-0.369231722,1.607492545,2012,EM,Y,DH,2012,1,Frequent,High,480,25.7823,233.842,2,5.5,17,0.5,10,0,0,0,0,64
EM193,334949,325210,0.9031,-0.138819789,-0.369231722,1.607492545,2013,EM,Y,DH,2013,2,Abundant,High,480,25.7823,233.842,5,28,3,0.5,39,0,0,0,0,29
EM193,334949,325210,0.9031,-0.138819789,-0.369231722,1.607492545,2014,EM,Y,DH,2014,3,Frequent,High,480,25.7823,233.842,8,43,19,1.5,34,0,0,0,0,2
EM194,334948,325656,0.8056,1.161281752,0.040616351,1.15235263,2012,EM,Y,DH,2012,1,Frequent,High,466,14.723,291.194,3,2.5,23,0.5,0.5,0,0,0,0,74
EM194,334948,325656,0.8056,1.161281752,0.040616351,1.15235263,2013,EM,Y,DH,2013,2,Occaisional,Low,466,14.723,291.194,7,5,36,0.5,0,0,0,0,0,59
EM194,334948,325656,0.8056,1.161281752,0.040616351,1.15235263,2014,EM,Y,DH,2014,3,Abundant,High,466,14.723,291.194,10,8,41,2,0,0,0,0,0,51
EM208,335399,323867,0.8472,1.853599348,-0.534476089,0.240570417,2012,EM,Y,WH,2012,9,Rare,Low,231,6.92754,233.366,20,18,40,2,5,0,0,0,0,40
EM208,335399,323867,0.8472,1.853599348,-0.534476089,0.240570417,2013,EM,Y,WH,2013,10,Occaisional,Low,231,6.92754,233.366,18,18,73,1,0.5,0,0,0,0,8
EM208,335399,323867,0.8472,1.853599348,-0.534476089,0.240570417,2014,EM,Y,WH,2014,11,Rare,Low,231,6.92754,233.366,22,8,83,1,2,0,0,0,0,6
EM209,335396,324314,0.885,-0.070553879,-0.933568305,-0.588349713,2012,EM,N,WH,2012,14,None,None,310,18.6757,240.781,32,25,75,0,0,0,0,0,0,0
EM209,335396,324314,0.885,-0.070553879,-0.933568305,-0.588349713,2013,EM,N,WH,2013,15,None,None,310,18.6757,240.781,35,18,81,1,0,0,0,0,0,0
EM209,335396,324314,0.885,-0.070553879,-0.933568305,-0.588349713,2014,EM,N,WH,2014,16,None,None,310,18.6757,240.781,31,36,68,0,3,0,1,0,0,1
EM210,335396,324314,0.8564,0.788917038,0.057756064,0.765521111,2012,EM,Y,WH,2012,1,Rare,Low,361,10.3436,203.405,3,8,32,1,0,0,0,0,0,59
EM210,335396,324314,0.8564,0.788917038,0.057756064,0.765521111,2013,EM,Y,WH,2013,2,Rare,Low,361,10.3436,203.405,5,8,34,1,3,0,0,0,0,54
EM210,335396,324314,0.8564,0.788917038,0.057756064,0.765521111,2014,EM,Y,WH,2014,3,Abundant,High,361,10.3436,203.405,6,7,11,0,12,0,0,0,0,63
EM212,335394,325656,0.774,1.431506795,-0.202800398,0.439414435,2012,EM,N,DH,2012,6,Occaisional,Low,409,4.60936,97.125,20,55,29,3,4,0,0,0,0,1
EM212,335394,325656,0.774,1.431506795,-0.202800398,0.439414435,2013,EM,N,DH,2013,7,Rare,Low,409,4.60936,97.125,19,21,60,1,1,0,0,0,0,8
EM212,335394,325656,0.774,1.431506795,-0.202800398,0.439414435,2014,EM,N,DH,2014,8,None,None,409,4.60936,97.125,23,14,62,3,4,0,0.5,0,0,5
EM213,335395,326102,0.8568,-0.392790044,-0.231009521,-0.034118635,2012,EM,N,DH,2012,9,None,None,488,9.07499,219.92,32,60,39,0.5,0.5,0,0,0,0,0
EM213,335395,326102,0.8568,-0.392790044,-0.231009521,-0.034118635,2013,EM,N,DH,2013,10,None,None,488,9.07499,219.92,30,70,30,0,0.5,0,0,0,0,0
EM213,335395,326102,0.8568,-0.392790044,-0.231009521,-0.034118635,2014,EM,N,DH,2014,11,None,None,488,9.07499,219.92,31,65,30,1,2,0,0,0,0,0
EM227,335850,323874,0.847,-0.301178428,-0.305151502,0.376212557,2012,EM,N,WH,2012,12,None,None,312,10.229,190.376,27,39,58,1,0.5,0,0,0,0,1
EM227,335850,323874,0.847,-0.301178428,-0.305151502,0.376212557,2013,EM,N,WH,2013,13,None,None,312,10.229,190.376,30,45,51,1,1,0,0,0,0,3
EM227,335850,323874,0.847,-0.301178428,-0.305151502,0.376212557,2014,EM,N,WH,2014,14,None,None,312,10.229,190.376,34,44,46,1,5,0,0,0,0,3
EM229,335839,325214,0.8401,0.865185752,0.323789871,0.018046057,2012,EM,N,WH,2012,17,None,None,395,7.81757,259.509,15,14,70,1,0.5,0,0,0,0,14.5
EM229,335839,325214,0.8401,0.865185752,0.323789871,0.018046057,2013,EM,N,WH,2013,18,None,None,395,7.81757,259.509,18,15,47,1,0,0,0,0,0,27
EM229,335839,325214,0.8401,0.865185752,0.323789871,0.018046057,2014,EM,N,WH,2014,19,Occaisional,Low,395,7.81757,259.509,28,38,47,0.5,1,1,0,0,0,11
EM245,336314,324735,0.9006,-0.065796295,-0.561339336,0.489007607,2012,EM,N,DH,2012,17,None,None,420,24.9182,214.032,22,80,11,1,8,0,0,0,0,0
EM245,336314,324735,0.9006,-0.065796295,-0.561339336,0.489007607,2013,EM,N,DH,2013,18,None,None,420,24.9182,214.032,37,79,9,0.5,8,0,0,0,0,3
EM245,336314,324735,0.9006,-0.065796295,-0.561339336,0.489007607,2014,EM,N,DH,2014,19,None,None,420,24.9182,214.032,41,83,8,2,2,0,0,0,0,4
EM73,332270,325216,0.6488,0.068409963,0.199544696,-0.264125256,2012,EM,Y,WH,2012,1,Abundant,High,377,13.6081,51.7098,4,15,16,4,25,0,0,0,0,40
EM73,332270,325216,0.6488,0.068409963,0.199544696,-0.264125256,2013,EM,Y,WH,2013,2,Frequent,High,377,13.6081,51.7098,3,26,30,1,22,0,0,0,0,23
EM73,332270,325216,0.6488,0.068409963,0.199544696,-0.264125256,2014,EM,Y,WH,2014,3,Frequent,High,377,13.6081,51.7098,6,28,23,3,9,0,0,0,0,47
EM74,332268,325654,0.8662,0.006727918,0.14863256,0.37332388,2012,EM,Y,WH,2012,1,Abundant,High,417,11.4773,217.999,2,25,3,0,5,0,0,0,0,67
EM74,332268,325654,0.8662,0.006727918,0.14863256,0.37332388,2013,EM,Y,WH,2013,2,Frequent,High,417,11.4773,217.999,4,25,16,0.5,20,0,0,0,0,39
EM74,332268,325654,0.8662,0.006727918,0.14863256,0.37332388,2014,EM,Y,WH,2014,3,Abundant,High,417,11.4773,217.999,6,28,17,2,30,0,0,0,0,23
EM79,332269,327893,0.7452,0.814566168,-0.985155278,-0.998842496,2012,EM,N,WH,2012,12,None,None,320,13.1201,125.395,36,13,84,1,1,0,1,0,0,0
EM79,332269,327893,0.7452,0.814566168,-0.985155278,-0.998842496,2013,EM,N,WH,2013,13,None,None,320,13.1201,125.395,23,7,74,7,6,0,7,0,0,0
EM79,332269,327893,0.7452,0.814566168,-0.985155278,-0.998842496,2014,EM,N,WH,2014,14,None,None,320,13.1201,125.395,27,5,81,4,4,0,7,0,0,0
EM91,332716,323423,0.5601,0.640501676,-0.169178231,-0.299028972,2012,EM,N,DH,2012,8,None,None,554,20.6354,32.5295,15,45,30,3,20,0,0,0,0,2
EM91,332716,323423,0.5601,0.640501676,-0.169178231,-0.299028972,2013,EM,N,DH,2013,9,Rare,Low,554,20.6354,32.5295,15,21,36,1,41,0,0.5,0,0,2
EM91,332716,323423,0.5601,0.640501676,-0.169178231,-0.299028972,2014,EM,N,DH,2014,10,None,None,554,20.6354,32.5295,14,35,41,4,19,0,0.5,0,0,3
EM92,332718,323871,0.6618,0.375774952,0.071604366,0.302444462,2012,EM,Y,WH,2012,1,Frequent,High,478,12.9128,62.0378,3,28,30,2,0,0,0,0,0,40
EM92,332718,323871,0.6618,0.375774952,0.071604366,0.302444462,2013,EM,Y,WH,2013,2,Frequent,High,478,12.9128,62.0378,4,10,19,3,0.5,0,0,0,0,68
EM92,332718,323871,0.6618,0.375774952,0.071604366,0.302444462,2014,EM,Y,WH,2014,3,Abundant,High,478,12.9128,62.0378,9,28,46,3.5,12,0,0,0,0,12
EM95,332714,324828,0.785,0.284401295,-0.281030425,-0.563695771,2012,EM,Y,DH,2012,1,None,None,315,5.38932,122.005,3,4,70,3,0.5,0,0,0,0,23
EM95,332714,324828,0.785,0.284401295,-0.281030425,-0.563695771,2013,EM,Y,DH,2013,2,Frequent,High,315,5.38932,122.005,3,10,64,6,0,0,0,0,0,20
EM95,332714,324828,0.785,0.284401295,-0.281030425,-0.563695771,2014,EM,Y,DH,2014,3,Rare,Low,315,5.38932,122.005,5,4,76,3,5,0,0.5,0,0,11
GR20,203712,353827,0.7908,-0.098086136,-0.566906827,-0.585720468,2012,GR,Y,WH,2012,1,None,None,195,3.1996,116.565,25,31,55,2,0.5,0,3,0,0,9
GR20,203712,353827,0.7908,-0.098086136,-0.566906827,-0.585720468,2013,GR,Y,WH,2013,2,None,None,195,3.1996,116.565,17,26,40,8,9,0,2,0,0,16
GR20,203712,353827,0.7908,-0.098086136,-0.566906827,-0.585720468,2014,GR,Y,WH,2014,3,None,None,195,3.1996,116.565,46,34,55,2,1,0,5,0,0,3
GR21,203719,354124,0.7992,-0.226402536,-0.557972972,-0.602055996,2012,GR,Y,WH,2012,1,None,None,207,3.23769,135,12,2,71,2,0.5,0,0,0,0,25
GR21,203719,354124,0.7992,-0.226402536,-0.557972972,-0.602055996,2013,GR,Y,WH,2013,2,None,None,207,3.23769,135,14,14,54,3,2,0,0,0,0,27
GR21,203719,354124,0.7992,-0.226402536,-0.557972972,-0.602055996,2014,GR,Y,WH,2014,3,None,None,207,3.23769,135,18,19,74,7,6,0,0,0,0,1
GR23,204002,353799,0.767,-0.012228657,-0.235469722,-0.498498614,2012,GR,Y,WH,2012,1,None,None,184,3.72995,32.4712,15,7,70,1,0.5,0,5,0,0,17
GR23,204002,353799,0.767,-0.012228657,-0.235469722,-0.498498614,2013,GR,Y,WH,2013,2,None,None,184,3.72995,32.4712,30,10,37,6,0.5,0,5,0,0,37
GR23,204002,353799,0.767,-0.012228657,-0.235469722,-0.498498614,2014,GR,Y,WH,2014,3,None,None,184,3.72995,32.4712,17,11,52,3,6,0,6,0,0,25
GR24,203962,354378.5,0.8101,-0.402650144,-0.470491004,-0.462309433,2012,GR,Y,WH,2012,1,None,None,215,1.35863,161.565,10,9,46,1,0,0,10,0,0,35
GR24,203962,354378.5,0.8101,-0.402650144,-0.470491004,-0.462309433,2013,GR,Y,WH,2013,2,Rare,Low,215,1.35863,161.565,10,5,45,1,9,0,2,0,0,0
GR24,203962,354378.5,0.8101,-0.402650144,-0.470491004,-0.462309433,2014,GR,Y,WH,2014,3,None,None,215,1.35863,161.565,17,12,38,2,7,0,16,0,0,25
GR26,204318,353821,0.8014,0.113626177,0.093814478,0.530387508,2012,GR,Y,WH,2012,1,None,None,184,0.859372,90,14,20,22,10,0,0,9,0,0,39
GR26,204318,353821,0.8014,0.113626177,0.093814478,0.530387508,2013,GR,Y,WH,2013,2,None,None,184,0.859372,90,18,47,31,0,2,0,5,0,0,12
GR26,204318,353821,0.8014,0.113626177,0.093814478,0.530387508,2014,GR,Y,WH,2014,3,None,None,184,0.859372,90,23,44,26,8,3,0,7,0,0,12
GR27,204390,354383,0.6823,-0.43306037,-0.725876372,-0.704060118,2012,GR,Y,WH,2012,1,None,None,211,10.7306,36.4164,11,3,69,7,0.5,0,0.5,0,0,20
GR27,204390,354383,0.6823,-0.43306037,-0.725876372,-0.704060118,2013,GR,Y,WH,2013,2,Rare,Low,211,10.7306,36.4164,18,10,54,6,6,0,0,0,0,24
GR27,204390,354383,0.6823,-0.43306037,-0.725876372,-0.704060118,2014,GR,Y,WH,2014,3,None,None,211,10.7306,36.4164,18,19,61,2,8,0,0,0,0,5
GR3,202291,354173,0.8098,-0.34840841,-0.163569149,0.032516471,2012,GR,Y,Bog,2012,1,Rare,Low,237,0.90585,288.435,7,4,42,1,0.5,0,7,0,0,46
GR3,202291,354173,0.8098,-0.34840841,-0.163569149,0.032516471,2013,GR,Y,Bog,2013,2,None,None,237,0.90585,288.435,18,9,78,1,3,0,1,0,0,8
GR3,202291,354173,0.8098,-0.34840841,-0.163569149,0.032516471,2014,GR,Y,Bog,2014,3,None,None,237,0.90585,288.435,21,9,71,3,11,0,5,0,0,0
GR34,202769,353991,0.7973,-0.147269977,0.23771081,0.169719077,2012,GR,Y,Bog,2012,1,Rare,Low,242,1.09075,23.1986,7,9,5,4,0.5,0,30,0,0,53
GR34,202769,353991,0.7973,-0.147269977,0.23771081,0.169719077,2013,GR,Y,Bog,2013,2,None,None,242,1.09075,23.1986,11,14,8,5,1,0,27,0,0,46
GR34,202769,353991,0.7973,-0.147269977,0.23771081,0.169719077,2014,GR,Y,Bog,2014,3,Rare,Low,242,1.09075,23.1986,17,23,13,0.5,5,0,33,0,0,25
GR5,202515,353824,0.7971,-0.008884593,-0.300866293,-0.413196041,2012,GR,N,Bog,2012,9,Rare,Low,245,1.18102,75.9638,15,42,4,19,9,5,25,0,0,4
GR5,202515,353824,0.7971,-0.008884593,-0.300866293,-0.413196041,2013,GR,N,Bog,2013,10,None,None,245,1.18102,75.9638,16,25,5,0.5,22,4,8,0,0,27
GR5,202515,353824,0.7971,-0.008884593,-0.300866293,-0.413196041,2014,GR,N,Bog,2014,11,None,None,245,1.18102,75.9638,18,26,10,30,17,0,21,0,0,3
GR6,202515,354126,0.8107,0.054754859,0.583978671,-0.135452903,2012,GR,Y,Bog,2012,1,Rare,Low,241,1.18102,284.036,11,15,20,0.5,0.5,0,15,0,0,50
GR6,202515,354126,0.8107,0.054754859,0.583978671,-0.135452903,2013,GR,Y,Bog,2013,2,None,None,241,1.18102,284.036,13,25,16,1,3,0,12,0,0,44
GR6,202515,354126,0.8107,0.054754859,0.583978671,-0.135452903,2014,GR,Y,Bog,2014,3,None,None,241,1.18102,284.036,20,26,27,0.5,7,0,27,0,0,14
GR8,202816,353827,0.8035,-0.338587816,0.097713815,-0.065360921,2012,GR,N,Bog,2012,14,None,None,244,0.730341,348.69,25,51,8,1,0,1,40,0,0,0
GR8,202816,353827,0.8035,-0.338587816,0.097713815,-0.065360921,2013,GR,N,Bog,2013,15,None,None,244,0.730341,348.69,27,38,8,12,2,9,20,0,0,1
GR8,202816,353827,0.8035,-0.338587816,0.097713815,-0.065360921,2014,GR,N,Bog,2014,16,None,None,244,0.730341,348.69,22,35,15,0,14,0,18,0,0,0
MNB,250988,381595,0.6477,0.768773393,-0.346786446,0.238011516,2012,MN,Y,DH,2012,1,None,None,391,13.2274,51.9112,10,39,37,4,14,0,0,0,0,6
MNB,250988,381595,0.6477,0.768773393,-0.346786446,0.238011516,2013,MN,Y,DH,2013,2,None,None,391,13.2274,51.9112,20,39,49,7,3,0,0,0,0,1
MNB,250988,381595,0.6477,0.768773393,-0.346786446,0.238011516,2014,MN,Y,DH,2014,3,None,None,391,13.2274,51.9112,33,46,36,10,10,0,0,0,0,0
MNB102,251829,381519,0.7778,0.09692665,0.325429479,-0.427706955,2012,MN,Y,Bog,2012,1,None,None,426,7.07974,319.899,14,29,43,0.5,12,0,0,0,0,15
MNB102,251829,381519,0.7778,0.09692665,0.325429479,-0.427706955,2013,MN,Y,Bog,2013,2,None,None,426,7.07974,319.899,18,25,61,1,7,0,1,0,0,5
MNB102,251829,381519,0.7778,0.09692665,0.325429479,-0.427706955,2014,MN,Y,Bog,2014,3,None,None,426,7.07974,319.899,29,34,27,1,19,0,21,0,0,0
MNB103,252119,381509,0.7612,-0.895922896,-0.191179731,0.403932656,2012,MN,Y,Bog,2012,1,Abundant,High,411,9.17928,124.919,9,31,7,0,6,0,0,0,0,56
MNB103,252119,381509,0.7612,-0.895922896,-0.191179731,0.403932656,2013,MN,Y,Bog,2013,2,Frequent,High,411,9.17928,124.919,12,41,9,0,12,0,0,0,0,38
MNB103,252119,381509,0.7612,-0.895922896,-0.191179731,0.403932656,2014,MN,Y,Bog,2014,3,Frequent,High,411,9.17928,124.919,19,74,11,0,19,0,0,0,0,4
MNB110,250930,381207,0.6899,-0.415891475,0.402609094,0.056310096,2012,MN,Y,Bog,2012,1,None,None,494,11.8728,2.72631,10,16,47,9,8,0,0.5,0,0,20
MNB110,250930,381207,0.6899,-0.415891475,0.402609094,0.056310096,2013,MN,Y,Bog,2013,2,None,None,494,11.8728,2.72631,15,27,47,2,15,0,0.5,0,0,9
MNB110,250930,381207,0.6899,-0.415891475,0.402609094,0.056310096,2014,MN,Y,Bog,2014,3,None,None,494,11.8728,2.72631,26,35,43,3,13,0,2,0,0,4
MNB112,251527,381207,0.7546,-0.933494451,-0.267317632,0.4991566,2012,MN,Y,Bog,2012,1,None,None,441,6.95074,105.461,7,20,14,0,8,0,0,0,0,58
MNB112,251527,381207,0.7546,-0.933494451,-0.267317632,0.4991566,2013,MN,Y,Bog,2013,2,Rare,Low,441,6.95074,105.461,6,29,12,0,3,0,0,0,0,66
MNB112,251527,381207,0.7546,-0.933494451,-0.267317632,0.4991566,2014,MN,Y,Bog,2014,3,None,None,441,6.95074,105.461,19,74,16,0,6,0,0,3,0,0
MNB121,251226,380915,0.7138,-0.507955731,0.068768674,0.263307606,2012,MN,Y,Bog,2012,1,Occaisional,Low,492,17.8226,126.781,12,28,25,2,40,0,0,0,0,7
MNB121,251226,380915,0.7138,-0.507955731,0.068768674,0.263307606,2013,MN,Y,Bog,2013,2,None,None,492,17.8226,126.781,12,60,30,4,7,0,0,0,0,3
MNB121,251226,380915,0.7138,-0.507955731,0.068768674,0.263307606,2014,MN,Y,Bog,2014,3,None,None,492,17.8226,126.781,25,79,16,1,7,0,0,0,0,0
MNB129,250734,380615,0.7808,0.028503548,0.647241249,-0.018476121,2012,MN,N,Bog,2012,15,None,None,498,7.65189,135,40,71,4,0,25,0,0.5,0,0,0.5
MNB129,250734,380615,0.7808,0.028503548,0.647241249,-0.018476121,2013,MN,N,Bog,2013,16,None,None,498,7.65189,135,20,50,13,0,37,0,0,0,0,0
MNB129,250734,380615,0.7808,0.028503548,0.647241249,-0.018476121,2014,MN,N,Bog,2014,17,None,None,498,7.65189,135,26,59,16,0,54,0,0,0,0,1
MNB130,250926,380609,0.7438,-1.130278844,-1.302764911,1.243755308,2012,MN,N,Bog,2012,13,None,None,464,12.5186,125.838,30,41.5,42,11,5,0,0.5,0,0,0
MNB130,250926,380609,0.7438,-1.130278844,-1.302764911,1.243755308,2013,MN,N,Bog,2013,14,None,None,464,12.5186,125.838,27,37,35,6,13,0,5,0,0,0
MNB130,250926,380609,0.7438,-1.130278844,-1.302764911,1.243755308,2014,MN,N,Bog,2014,15,None,None,464,12.5186,125.838,20,10,51,11,26,0,2,0,0,0
MNB131,251229,380612,0.8048,-0.080569784,-0.074530389,-0.830313173,2012,MN,N,Bog,2012,12,None,None,428,13.6861,160.821,37,12,62,21.5,1,0,4,0,0,0
MNB131,251229,380612,0.8048,-0.080569784,-0.074530389,-0.830313173,2013,MN,N,Bog,2013,13,None,None,428,13.6861,160.821,29,5,61,16,4,0,20,0,0,0
MNB131,251229,380612,0.8048,-0.080569784,-0.074530389,-0.830313173,2014,MN,N,Bog,2014,14,None,None,428,13.6861,160.821,39,19,62,10,6,0,13,0,0,0
MNB133,251824,380609,0.7476,-0.244347826,0.265532039,0.298948786,2012,MN,Y,Bog,2012,1,None,None,370,6.56634,92.4896,13,40,37,0,2,0,18,0,0,3
MNB133,251824,380609,0.7476,-0.244347826,0.265532039,0.298948786,2013,MN,Y,Bog,2013,2,None,None,370,6.56634,92.4896,22,45,37,0,8,0,9,0,0,1
MNB133,251824,380609,0.7476,-0.244347826,0.265532039,0.298948786,2014,MN,Y,Bog,2014,3,None,None,370,6.56634,92.4896,32,46,41,0,4,0,0,0,0,0
MNB139,250625,380309,0.6888,-0.044336962,0.138779949,-0.123268244,2012,MN,N,Bog,2012,8,Rare,Low,503,11.763,85.1792,15,81,2,0,17,0,0,0,0,0
MNB139,250625,380309,0.6888,-0.044336962,0.138779949,-0.123268244,2013,MN,N,Bog,2013,9,None,None,503,11.763,85.1792,14,75,0.5,0.5,25,0,0,0,0,0
MNB139,250625,380309,0.6888,-0.044336962,0.138779949,-0.123268244,2014,MN,N,Bog,2014,10,Rare,Low,503,11.763,85.1792,23,72,2,0.5,26,0,0,0,0,0
MNB142,251523,380303,0.8173,-0.149835052,0.282356337,-0.182963004,2012,MN,N,Bog,2012,11,None,None,363,12.8174,167.949,60,83,13,0,9,0,0,0,0,0
MNB142,251523,380303,0.8173,-0.149835052,0.282356337,-0.182963004,2013,MN,N,Bog,2013,12,None,None,363,12.8174,167.949,60,86,11,0,30,0,0,0,0,0
MNB142,251523,380303,0.8173,-0.149835052,0.282356337,-0.182963004,2014,MN,N,Bog,2014,13,None,None,363,12.8174,167.949,60,86,4,0,22,0,0,0,0,0
MNB149,250632,380010,0.6936,-0.413741837,0.719418006,0.182644386,2012,MN,N,Bog,2012,11,None,None,505,11.0041,81.8699,25,76,22,0,5,0,0,0,0,0
MNB149,250632,380010,0.6936,-0.413741837,0.719418006,0.182644386,2013,MN,N,Bog,2013,12,None,None,505,11.0041,81.8699,22,49,41,0,8,0,2,0,0,0
MNB149,250632,380010,0.6936,-0.413741837,0.719418006,0.182644386,2014,MN,N,Bog,2014,13,None,None,505,11.0041,81.8699,24,71,19,0.5,21,0,0,0,0,0
MNB150,250926,380010,0.5822,-0.124472435,-0.171468261,-0.472178281,2012,MN,N,Bog,2012,15,None,None,421,19.3483,70.0169,30,42,11,1,25,0,21,0,0,0
MNB150,250926,380010,0.5822,-0.124472435,-0.171468261,-0.472178281,2013,MN,N,Bog,2013,16,None,None,421,19.3483,70.0169,20,40,20,0.5,32,0,8,0,0,0
MNB150,250926,380010,0.5822,-0.124472435,-0.171468261,-0.472178281,2014,MN,N,Bog,2014,17,None,None,421,19.3483,70.0169,37,52,12,0,29,0,13,0,0,0
MNB151,251222,380016,0.6938,-0.211478323,-0.280021131,-0.459567552,2012,MN,N,Bog,2012,17,None,None,371,9.68482,58.1726,55,64,16,14,0.5,0,6,0,0,0
MNB151,251222,380016,0.6938,-0.211478323,-0.280021131,-0.459567552,2013,MN,N,Bog,2013,18,None,None,371,9.68482,58.1726,60,68,14,1,4,0,3,0,0,0
MNB151,251222,380016,0.6938,-0.211478323,-0.280021131,-0.459567552,2014,MN,N,Bog,2014,19,None,None,371,9.68482,58.1726,64,69,11,5,21,0,4,0,0,0
MNB161,251229,379709,0.7033,-0.102870282,0.319089238,-0.151085649,2012,MN,N,Bog,2012,13,None,None,402,8.9694,60.5928,30,70,6,0,1,0,23,0,0,0
MNB161,251229,379709,0.7033,-0.102870282,0.319089238,-0.151085649,2013,MN,N,Bog,2013,14,None,None,402,8.9694,60.5928,35,62,3,0,8,0,25,0,0,0
MNB161,251229,379709,0.7033,-0.102870282,0.319089238,-0.151085649,2014,MN,N,Bog,2014,15,None,None,402,8.9694,60.5928,48,72,13,0.5,17,0,21,0,0,0
MNB4,249724,384202,0.778,-0.468840851,-0.008269574,-0.15048071,2012,MN,Y,Bog,2012,1,None,None,218,6.50463,322.125,14,34,19,1,43,0,1,0,0,2
MNB4,249724,384202,0.778,-0.468840851,-0.008269574,-0.15048071,2013,MN,Y,Bog,2013,2,None,None,218,6.50463,322.125,28,69,10,0,17,0,0.5,0,0,3
MNB4,249724,384202,0.778,-0.468840851,-0.008269574,-0.15048071,2014,MN,Y,Bog,2014,3,None,None,218,6.50463,322.125,37,63,7,0,28,0,5,0,0,0
MNB7,249789,384799,0.8544,-0.239757709,0.03569334,0.205553148,2012,MN,N,DH,2012,16,None,None,224,11.5767,203.749,60,83,1.5,0.5,14.5,0,0,0,0.5,0
MNB7,249789,384799,0.8544,-0.239757709,0.03569334,0.205553148,2013,MN,N,DH,2013,17,None,None,224,11.5767,203.749,71,88,4,0,45,0,0,0,0,0
MNB7,249789,384799,0.8544,-0.239757709,0.03569334,0.205553148,2014,MN,N,DH,2014,18,None,None,224,11.5767,203.749,64,94,1,0.5,65,0,0,0,0,0
MNB72,250324,381816,0.8026,-0.407298862,0.651530739,0.403409962,2012,MN,Y,Bog,2012,1,None,None,434,13.7773,290.283,7,45,21,4,8,0,0,0,0,22
MNB72,250324,381816,0.8026,-0.407298862,0.651530739,0.403409962,2013,MN,Y,Bog,2013,2,None,None,434,13.7773,290.283,18,69,12,0.5,8,0,1,0,0,10
MNB72,250324,381816,0.8026,-0.407298862,0.651530739,0.403409962,2014,MN,Y,Bog,2014,3,None,None,434,13.7773,290.283,34,75,11,0.5,14,0,5,0,0,0
MNB86,250624,381813,0.6626,0.276661731,0.657042839,-0.100424961,2012,MN,Y,Bog,2012,1,None,None,432,12.8279,70.7693,10,18,15,0.5,27,0,0,0,0,39.5
MNB86,250624,381813,0.6626,0.276661731,0.657042839,-0.100424961,2013,MN,Y,Bog,2013,2,None,None,432,12.8279,70.7693,17,43,18,10,23,0,0.5,0,0,6
MNB86,250624,381813,0.6626,0.276661731,0.657042839,-0.100424961,2014,MN,Y,Bog,2014,3,None,None,432,12.8279,70.7693,29,40,37,3,19,0,0.5,0,0,2
SA106,312351,428949,0.8303,0.128869055,0.613107804,-0.315761308,2012,SA,N,Bog,2012,6,None,None,325,6.67592,250.017,32,46,30,0,17,0,7,0,0,0
SA106,312351,428949,0.8303,0.128869055,0.613107804,-0.315761308,2013,SA,N,Bog,2013,7,None,None,325,6.67592,250.017,34,56,9,0,27,0,8,0,0,0
SA106,312351,428949,0.8303,0.128869055,0.613107804,-0.315761308,2014,SA,N,Bog,2014,8,None,None,325,6.67592,250.017,62,61,6,1,27,0,40,0,0,0
SA107,312310,429198,0.7849,0.001710554,0.281475296,-0.22453721,2012,SA,N,Bog,2012,22,None,None,319,3.69146,324.462,68,40,25,0.5,1,0,34,0,0,0
SA107,312310,429198,0.7849,0.001710554,0.281475296,-0.22453721,2013,SA,N,Bog,2013,23,None,None,319,3.69146,324.462,51,56,15,2,29,0,2,0,0,0
SA107,312310,429198,0.7849,0.001710554,0.281475296,-0.22453721,2014,SA,N,Bog,2014,24,None,None,319,3.69146,324.462,31,28,19,0,12,0,38,0,0,0
SA108,312245,429579,0.7661,-0.091750713,0.642143645,-0.275683788,2012,SA,N,Bog,2012,10,None,None,302,3.1996,26.5651,26,55,21,1,1,0,21,0,0,0
SA108,312245,429579,0.7661,-0.091750713,0.642143645,-0.275683788,2013,SA,N,Bog,2013,11,None,None,302,3.1996,26.5651,35,39,26,5,2,0,30,0,0,0
SA108,312245,429579,0.7661,-0.091750713,0.642143645,-0.275683788,2014,SA,N,Bog,2014,12,None,None,302,3.1996,26.5651,29,48,19,5,9,2,34,0,0,0
SA109,312350,430150,0.7847,-0.064317128,0.295964643,0.385959094,2012,SA,Y,Bog,2012,1,None,None,306,7.94196,143.746,12,12,68,0,0.5,0,0,0,0,20
SA109,312350,430150,0.7847,-0.064317128,0.295964643,0.385959094,2013,SA,Y,Bog,2013,2,None,None,306,7.94196,143.746,23,26,65,1,4,0,0.5,0,0,4
SA109,312350,430150,0.7847,-0.064317128,0.295964643,0.385959094,2014,SA,Y,Bog,2014,3,None,None,306,7.94196,143.746,27,28,63,2,4,0,0,0,0,0
SA121,312653,429254,0.7486,0.104598704,0.563776352,-0.121430455,2012,SA,N,Bog,2012,18,None,None,332,6.33492,352.235,38,72,6,1,6,0,21,0,0,0
SA121,312653,429254,0.7486,0.104598704,0.563776352,-0.121430455,2013,SA,N,Bog,2013,19,None,None,332,6.33492,352.235,39,75,4,0,1,0,90,0,0,0
SA121,312653,429254,0.7486,0.104598704,0.563776352,-0.121430455,2014,SA,N,Bog,2014,20,None,None,332,6.33492,352.235,38,80,7,0,5,0.5,90,0,0,0
SA122,312648,430450,0.7396,0.01885894,0.340085799,-0.227717405,2012,SA,Y,Bog,2012,1,None,None,300,6.43292,86.1859,11,22,20,0,10,0,13,0,0,35
SA122,312648,430450,0.7396,0.01885894,0.340085799,-0.227717405,2013,SA,Y,Bog,2013,2,None,None,300,6.43292,86.1859,23,25,34,0,25,0,0.5,0,0,16
SA122,312648,430450,0.7396,0.01885894,0.340085799,-0.227717405,2014,SA,Y,Bog,2014,3,None,None,300,6.43292,86.1859,30,67,9,0,14,0,12,0,0,0
SA154,311147,430148,0.8147,0.014460121,0.203776904,-0.024902911,2012,SA,Y,Bog,2012,1,None,None,301,6.30298,275.194,7,7,8,0,26,0,0.5,0,0,59
SA154,311147,430148,0.8147,0.014460121,0.203776904,-0.024902911,2013,SA,Y,Bog,2013,2,None,None,301,6.30298,275.194,18,39,2,0.5,29,0,0.5,0,0,30
SA154,311147,430148,0.8147,0.014460121,0.203776904,-0.024902911,2014,SA,Y,Bog,2014,3,None,None,301,6.30298,275.194,26,44,2,0.5,35,0,2,0,0,17
SA169,311450,430150,0.8124,-0.341373489,0.084396353,0.414886216,2012,SA,Y,Bog,2012,1,None,None,333,3.57919,267.709,8,18,20,0,22,0,9,0,0,31
SA169,311450,430150,0.8124,-0.341373489,0.084396353,0.414886216,2013,SA,Y,Bog,2013,2,None,None,333,3.57919,267.709,15,55,16,0,17,0,5,0,0,16
SA169,311450,430150,0.8124,-0.341373489,0.084396353,0.414886216,2014,SA,Y,Bog,2014,3,None,None,333,3.57919,267.709,24,59,11,0,24,0,2,0,0,4
SA31,310579,429850,0.8146,0.17694786,0.145710898,-0.426669718,2012,SA,Y,Bog,2012,1,None,None,241,5.86792,274.185,13,2,17,0,25,0,0.5,0,0,56
SA31,310579,429850,0.8146,0.17694786,0.145710898,-0.426669718,2013,SA,Y,Bog,2013,2,Occaisional,Low,241,5.86792,274.185,20,19,33,0,37,0,3,0,0,8
SA31,310579,429850,0.8146,0.17694786,0.145710898,-0.426669718,2014,SA,Y,Bog,2014,3,None,None,241,5.86792,274.185,36,46,14,0,32,0,0.5,0,0.5,8
SA68,311452,429851,0.8339,-0.247848974,0.696255144,0.183507489,2012,SA,Y,Bog,2012,1,Frequent,High,316,9.90836,189.058,7,12,6,0.5,22,0,0,0,0,60
SA68,311452,429851,0.8339,-0.247848974,0.696255144,0.183507489,2013,SA,Y,Bog,2013,2,None,None,316,9.90836,189.058,15,62,6,0,25,0,0,0,0,7
SA68,311452,429851,0.8339,-0.247848974,0.696255144,0.183507489,2014,SA,Y,Bog,2014,3,None,None,316,9.90836,189.058,22,66,7,0,20,0,4,0,0,3
SA83,311751,429853,0.8041,-0.180461721,0.343521959,0.209719403,2012,SA,Y,Bog,2012,1,None,None,311,8.98488,161.565,6,15,13,0,15,0,1,0,0,57
SA83,311751,429853,0.8041,-0.180461721,0.343521959,0.209719403,2013,SA,Y,Bog,2013,2,None,None,311,8.98488,161.565,19,50,21,0.5,21,0,0,0,0,8
SA83,311751,429853,0.8041,-0.180461721,0.343521959,0.209719403,2014,SA,Y,Bog,2014,3,None,None,311,8.98488,161.565,24,52,9,0.5,17,0,0.5,0,0,12
SA84,311749,430151,0.7776,0.111683461,0.678515451,-0.212494394,2012,SA,Y,Bog,2012,1,None,None,334,5.31353,126.254,11,4,22,0,5,0,0.5,0,0,69
SA84,311749,430151,0.7776,0.111683461,0.678515451,-0.212494394,2013,SA,Y,Bog,2013,2,None,None,334,5.31353,126.254,20,41,34,0.5,21,0,0,0,0,4
SA84,311749,430151,0.7776,0.111683461,0.678515451,-0.212494394,2014,SA,Y,Bog,2014,3,None,None,334,5.31353,126.254,26,62,11,0,24,0,0.5,0,0,2
SA85,311750,430449,0.8234,-0.351389339,0.299306449,-0.370414966,2012,SA,Y,Bog,2012,1,None,None,352,4.32226,214.216,16,41,25,0,5,0,1,0,0,28
SA85,311750,430449,0.8234,-0.351389339,0.299306449,-0.370414966,2013,SA,Y,Bog,2013,2,None,None,352,4.32226,214.216,19,74,19,0,4,0,0.5,0,0,3
SA85,311750,430449,0.8234,-0.351389339,0.299306449,-0.370414966,2014,SA,Y,Bog,2014,3,None,None,352,4.32226,214.216,26,66,15,0,18,0,1,0,0,3
SA94,312052,429249,0.8152,-0.328637117,0.092622114,-0.564428925,2012,SA,N,Bog,2012,20,None,None,307,2.75314,242.103,28,42,5,25,0,0,17,0,0,0
SA94,312052,429249,0.8152,-0.328637117,0.092622114,-0.564428925,2013,SA,N,Bog,2013,21,None,None,307,2.75314,242.103,32,35,2,24,6,0.5,32,0,0,1
SA94,312052,429249,0.8152,-0.328637117,0.092622114,-0.564428925,2014,SA,N,Bog,2014,22,None,None,307,2.75314,242.103,28,48,5,33,9,0.5,18,0,0,0
SA95,311929,429495,0.7912,-0.536550718,0.295089443,-0.396797205,2012,SA,N,Bog,2012,12,None,None,303,2.26364,325.305,26,42,15,25,10,0,8,0,0,0
SA95,311929,429495,0.7912,-0.536550718,0.295089443,-0.396797205,2013,SA,N,Bog,2013,13,None,None,303,2.26364,325.305,33,45,8,0.5,11,3,50,0,0,0
SA95,311929,429495,0.7912,-0.536550718,0.295089443,-0.396797205,2014,SA,N,Bog,2014,14,None,None,303,2.26364,325.305,28,40,9,28,21,0,13,0,0,0
SA97,312051,430150,0.8165,-0.055506091,0.476078315,-0.260616622,2012,SA,Y,Bog,2012,1,None,None,325,7.58085,174.611,11,13,12,1,6,0,30,0,0,38
SA97,312051,430150,0.8165,-0.055506091,0.476078315,-0.260616622,2013,SA,Y,Bog,2013,2,None,None,325,7.58085,174.611,19,44,10,0.5,8,0,17,0,0,0
SA97,312051,430150,0.8165,-0.055506091,0.476078315,-0.260616622,2014,SA,Y,Bog,2014,3,None,None,325,7.58085,174.611,25,58,8,3,11,0,17,0,0,7
SH1,249827,346853,0.7933,-0.473566107,-0.204115728,-0.226743657,2012,SH,N,Bog,2012,17,None,None,232,7.51978,307.304,40,58,22.5,0,6,11,0.5,0,0,0
SH1,249827,346853,0.7933,-0.473566107,-0.204115728,-0.226743657,2013,SH,N,Bog,2013,18,None,None,232,7.51978,307.304,42,62,16,0,1,0.5,20,0,0,6
SH1,249827,346853,0.7933,-0.473566107,-0.204115728,-0.226743657,2014,SH,N,Bog,2014,19,None,None,232,7.51978,307.304,42,78,12,0,2,5,58,0,0,1
SH102,250127,344452,0.7853,-0.416234324,0.765329551,0.22118955,2012,SH,Y,Bog,2012,1,None,None,271,2.59241,6.34019,6,0.5,47,0.5,2,0,0,2,0,51
SH102,250127,344452,0.7853,-0.416234324,0.765329551,0.22118955,2013,SH,Y,Bog,2013,2,None,None,271,2.59241,6.34019,20,1,77,5,2,0,2,0,0,14
SH102,250127,344452,0.7853,-0.416234324,0.765329551,0.22118955,2014,SH,Y,Bog,2014,3,None,None,271,2.59241,6.34019,13,3,68,5,7,0,3,0,0,14
SH103,250426,344456,0.8324,-0.521966817,-0.807755654,-0.407316529,2012,SH,Y,Bog,2012,1,None,None,289,4.28915,233.13,9,1.5,77,1.5,3,0,3,1,0,14
SH103,250426,344456,0.8324,-0.521966817,-0.807755654,-0.407316529,2013,SH,Y,Bog,2013,2,None,None,289,4.28915,233.13,19,2,87,0.5,4,0,3,0,0,3
SH103,250426,344456,0.8324,-0.521966817,-0.807755654,-0.407316529,2014,SH,Y,Bog,2014,3,None,None,289,4.28915,233.13,16,13,58,0,2,0,38,0,0,1
SH104,250726,344453,0.8129,-0.392298,-0.31922137,-0.099409224,2012,SH,Y,Bog,2012,1,None,None,309,2.98822,286.699,12,1.5,72,3,1,0,13,6,0,4
SH104,250726,344453,0.8129,-0.392298,-0.31922137,-0.099409224,2013,SH,Y,Bog,2013,2,None,None,309,2.98822,286.699,22,2,71,5,1,0,20,0,0,2
SH104,250726,344453,0.8129,-0.392298,-0.31922137,-0.099409224,2014,SH,Y,Bog,2014,3,None,None,309,2.98822,286.699,13,3,54,14,3,0,24,0,0,2
SH121,250124,344157,0.8222,0.24769746,0.982728014,-0.349384528,2012,SH,Y,Bog,2012,1,None,None,273,2.22716,225,13,5,16,0.5,1,0,77,3,0,0
SH121,250124,344157,0.8222,0.24769746,0.982728014,-0.349384528,2013,SH,Y,Bog,2013,2,None,None,273,2.22716,225,20,4,22,3.5,1,0,70,0,0,0.5
SH121,250124,344157,0.8222,0.24769746,0.982728014,-0.349384528,2014,SH,Y,Bog,2014,3,None,None,273,2.22716,225,27,11,18,12,1,0,61,0,0,0
SH13,249829,346257,0.8095,0.322220526,0.243006631,-0.860691425,2012,SH,N,Bog,2012,11,None,None,276,1.28096,296.565,21,25,20,20,1,0.5,34,0,0,0
SH13,249829,346257,0.8095,0.322220526,0.243006631,-0.860691425,2013,SH,N,Bog,2013,12,None,None,276,1.28096,296.565,25,16,16,10.5,0,0,58,0,0,0
SH13,249829,346257,0.8095,0.322220526,0.243006631,-0.860691425,2014,SH,N,Bog,2014,13,None,None,276,1.28096,296.565,27,24,47,5,1,1,46,0,0,0
SH14,250129,346257,0.8065,-0.447442344,-0.162782937,-0.280939537,2012,SH,N,Bog,2012,9,None,None,292,2.26364,145.305,24,61,3,7,0.5,0,27,0,0,0
SH14,250129,346257,0.8065,-0.447442344,-0.162782937,-0.280939537,2013,SH,N,Bog,2013,10,None,None,292,2.26364,145.305,25,45,12,3,1,0.5,39,0,0,0
SH14,250129,346257,0.8065,-0.447442344,-0.162782937,-0.280939537,2014,SH,N,Bog,2014,11,None,None,292,2.26364,145.305,33,34,16,0,3,1,52,0,0,0
SH15,250427,346257,0.7843,-0.011507482,0.598596256,-0.556487096,2012,SH,N,Bog,2012,15,None,None,279,2.30842,60.2551,40,35,9,0,0.5,0.5,56,0,0,0
SH15,250427,346257,0.7843,-0.011507482,0.598596256,-0.556487096,2013,SH,N,Bog,2013,16,None,None,279,2.30842,60.2551,38,38,4,0,0.5,0,77,0,0,0
SH15,250427,346257,0.7843,-0.011507482,0.598596256,-0.556487096,2014,SH,N,Bog,2014,17,None,None,279,2.30842,60.2551,47,31,19,0,7,4,37,0,0,0
SH191,252754,342074,0.822,0.298851515,0.293641235,-0.058963355,2012,SH,Y,Bog,2012,1,None,None,313,2.36968,244.983,18,31,19,6,9,0,20,0,0,15
SH191,252754,342074,0.822,0.298851515,0.293641235,-0.058963355,2013,SH,Y,Bog,2013,2,None,None,313,2.36968,244.983,23,71,18,5,4,0,1,0,0,1
SH191,252754,342074,0.822,0.298851515,0.293641235,-0.058963355,2014,SH,Y,Bog,2014,3,None,None,313,2.36968,244.983,23,36,18,6,13,0,23,0,0,4
SH198D,255339,344585,0.736,-0.432880243,0.191024487,0.896661034,2012,SH,Y,Bog,2012,1,None,None,345,9.30151,102.339,14,29,23.5,1.5,14,0,12,0,0,20
SH198D,255339,344585,0.736,-0.432880243,0.191024487,0.896661034,2013,SH,Y,Bog,2013,2,None,None,345,9.30151,102.339,24,52,33,1,3,0,5,0,0,6
SH198D,255339,344585,0.736,-0.432880243,0.191024487,0.896661034,2014,SH,Y,Bog,2014,3,None,None,345,9.30151,102.339,25,48,22,3,6,0,16,0,0,4
SH22,249828,345958,0.8207,0.074708377,0.591711166,-0.624635475,2012,SH,N,Bog,2012,7,None,None,260,5.17424,173.66,28,72,26,0,5,0,7,0,0,0
SH22,249828,345958,0.8207,0.074708377,0.591711166,-0.624635475,2013,SH,N,Bog,2013,8,None,None,260,5.17424,173.66,38,50,29,0,6,0.5,15,0,0,0
SH22,249828,345958,0.8207,0.074708377,0.591711166,-0.624635475,2014,SH,N,Bog,2014,9,None,None,260,5.17424,173.66,42,48,27,0,9,0,16,0,0,0
SH24,250427,345956,0.7906,-0.02441172,0.38468002,-0.737929547,2012,SH,N,Bog,2012,12,None,None,282,1.91034,77.0054,35,39,22.5,12,3,0,24,0,0,0
SH24,250427,345956,0.7906,-0.02441172,0.38468002,-0.737929547,2013,SH,N,Bog,2013,13,None,None,282,1.91034,77.0054,26,37,14,16,0,0,32,0,0,1
SH24,250427,345956,0.7906,-0.02441172,0.38468002,-0.737929547,2014,SH,N,Bog,2014,14,None,None,282,1.91034,77.0054,34,35,21,23,6,0,11,0,0,0
SH32,250426,345655,0.8399,-0.281388498,0.202739868,-0.308385745,2012,SH,Y,Bog,2012,1,None,None,252,8.14813,192.095,20,5,39,4,0.5,0,26,0,0,26
SH32,250426,345655,0.8399,-0.281388498,0.202739868,-0.308385745,2013,SH,Y,Bog,2013,2,None,None,252,8.14813,192.095,23,17,39,0.5,0.5,0,31,0,0,13
SH32,250426,345655,0.8399,-0.281388498,0.202739868,-0.308385745,2014,SH,Y,Bog,2014,3,None,None,252,8.14813,192.095,24,10,42,1,1,0.5,31,0,0,4
SH5,250127,346554,0.6668,-0.321329291,0.025488368,-0.718369115,2012,SH,N,Bog,2012,13,None,None,271,13.1084,14.9314,26,55,19,0,1,1,24,0,0,0
SH5,250127,346554,0.6668,-0.321329291,0.025488368,-0.718369115,2013,SH,N,Bog,2013,14,None,None,271,13.1084,14.9314,27,60,12,0,1,0.5,70,0,0,0
SH5,250127,346554,0.6668,-0.321329291,0.025488368,-0.718369115,2014,SH,N,Bog,2014,15,None,None,271,13.1084,14.9314,32,46,21,0,2,3,63,0,0,0
SH6,250428,346555,0.8148,0.240704443,0.450214817,-0.458208025,2012,SH,N,Bog,2012,14,None,None,262,4.88765,285.255,75,48,9,0,14,2,26,0,0,1
SH6,250428,346555,0.8148,0.240704443,0.450214817,-0.458208025,2013,SH,N,Bog,2013,15,None,None,262,4.88765,285.255,82,30,18,0,2,3,47,0,0,0.5
SH6,250428,346555,0.8148,0.240704443,0.450214817,-0.458208025,2014,SH,N,Bog,2014,16,Rare,Low,262,4.88765,285.255,86,57,26,1,12,4,23,0,0,3
SH66,250729,345053,0.7763,0.026385418,-0.54052005,-0.461029736,2012,SH,Y,Bog,2012,1,None,None,278,5.74594,333.435,15,7,43,21,3,0,24,0,0,2
SH66,250729,345053,0.7763,0.026385418,-0.54052005,-0.461029736,2013,SH,Y,Bog,2013,2,None,None,278,5.74594,333.435,21,5,49,6,1,0,23,0,0,0.5
SH66,250729,345053,0.7763,0.026385418,-0.54052005,-0.461029736,2014,SH,Y,Bog,2014,3,None,None,278,5.74594,333.435,16,8,60,10,2,0,26,0,0,0
SH85,250730,344757,0.7867,-0.485774957,-0.159127652,-0.176072564,2012,SH,Y,Bog,2012,1,None,None,297,4.22215,331.699,8,17,4,70,0.5,0,8,0,0,1
SH85,250730,344757,0.7867,-0.485774957,-0.159127652,-0.176072564,2013,SH,Y,Bog,2013,2,None,None,297,4.22215,331.699,26,15,11,13,0.5,0,19,0,0,0
SH85,250730,344757,0.7867,-0.485774957,-0.159127652,-0.176072564,2014,SH,Y,Bog,2014,3,None,None,297,4.22215,331.699,22,17,5,60,0.5,0,27,0,0,0
SH99,255527,344755,0.761,-0.570216501,-0.323291908,0.501388795,2012,SH,Y,Bog,2012,1,None,None,322,8.91833,120.651,15,80,10,0,0.5,0.5,10,0,0,0
SH99,255527,344755,0.761,-0.570216501,-0.323291908,0.501388795,2013,SH,Y,Bog,2013,2,None,None,322,8.91833,120.651,23,67,16,0,2,0,15,0,0,0
SH99,255527,344755,0.761,-0.570216501,-0.323291908,0.501388795,2014,SH,Y,Bog,2014,3,None,None,322,8.91833,120.651,24,65,26,0,4,0,37,0,0,0
