Date2,Burnt,Quadrat,X,Y,Site,Dung,Heat load,Habitat,pH,P,N,Slope,Max_age,Altitude,Aspect,Agrostis.cappilaris,Agrostis_canina,Anthoxanthum odoratum,Betula.pubescens,Calluna_vulgaris,Carex rostrata,Carex viridula,Carex.echinata,Carex_binervis,Carex_nigra,Carex_panacea,Carex_pilulifera,Cirsium.dissectum,Danthonia_decumbens,Deschampia_flexuosa,Drosera_intermedia,Drosera_rotundifolia,Empetrum_nigrum,Epilobium_palustre,Erica_cinerea,Erica_tetralix,Eriophorum_angustifolium,Eriophorum_vaginatum,Festuca.vivipara,Galium.saxatile,Holcus_lancatus,Holcus_mollis,Juncus.acutiflorus,Juncus.bulbosus,Juncus.conglomeratus,Juncus.effusus,Juncus_squarrosa,Listera.cordata,Luzula_multiflora_congesta,Molinia_caerula,Myrica_gale,Nardus_stricta,Narthecium_ossifragum,Oxalis.acetocella,Polygala.serpyllifolia,Potentilla_erecta,Salix.repens,Schoenus_nigricans,Sorbus.aucuparia,Sum of Rumex.acetosa,Trichophorum_cespitosum,Trifolium.repens,Ulex_g,Vaccineum oxycoccus,Vaccineum_myrtilis,Viola.riviana,Other
25/07/2012,N,CH252,215293,331048,CH,Rare,0.798120912,Bog,4.12,4.6,1.78,2.1807,4,332,113.199,0,0,0,0,10.5,0,0,0,0,0,0,0,0,0,0,0,0.5,0,0,0,0.5,0.5,15,0,0,0,0,0,0,0,0,0,0,0,0,0,0,0,0,0,0,0,0,0,0,5,0,0,0,0,0,68.5
25/07/2012,N,CH253,215291,331352,CH,Frequent,0.803867237,Bog,4.08,3.8,2,6.02102,3,348,148.57,0,0,0,0,5.5,0,0,0,0,0,0,0,0,0,0,0,0,0,0,1,0.5,0.5,28,0,0,0,0,0,0,0,0,0,0,0,8,0,0,0,0,0,0.5,0,0,0,0,35,0,0,0,0,0,21.5
30/08/2012,N,CH256,215282,332242,CH,None,0.78549038,Bog,4.21,3.1,2.28,2.36968,4,396,25.0169,0,0,0,0,3,0,0,0,0,0,0,0,0,0,0,0,0,0,0,0,2,0.5,0,0,0,0,0,0,0,0,0,0,0,0,0,0,0,27,0,0,0,0,0,0,0,61.5,0,0,0,0,0,6
30/08/2012,Y,CH257,215287,332542,CH,None,0.716799965,Bog,4.12,3,2.22,8.92501,3,368,13.815,0,0,0,0,4,0,0,0,0,0,0,0,0,0,0,0,0,0,0,0,3,0.5,0,0,0,0,0,0,0,0,0,0,0,0,0,0,0,4,0,0,0,0,0,0,0,54,0,0,0,0,0,36.5
25/07/2012,N,CH265,215603,330747,CH,None,0.774221287,Bog,3.94,11.9,2.43,3.29399,16,314,34.3803,0,0,0,0,64,0,0,0,0,0,0,0,0,0,0.5,0,0,0,0,0,0,0,0,0,0,0,0,0,0,0,11,0,0,0,0,0,0,0,0.5,0,0.5,0,0,0,0,0,0,0,0,3,0,22.5
30/08/2012,N,CH270,215590,332248,CH,Occaisional,0.782064723,Bog,4.04,4,1.74,2.91899,6,392,11.3099,0,0,0,0,13,0,0,0,0,0,0,0,0,0,0,0,0,0,0,0,0,0.5,20,0,0,0,0,0,0,0,0,0,0,0,0,0,0,0,0,0,0,0,0,0,0,22,0,0,0,0,0,45.5
25/07/2012,N,CH276,215888,330751,CH,None,0.803936768,Bog,4.18,3.2,1.74,6.02102,1,313,301.43,0,0,0,0,18,0,0,0,0,0,0,0,0,0,0,0,0,0,0,0,1,0.5,47,0,0,0,0,0,0,0,0,0,0,0,0,0,0,0.5,0,0,0,0,0,0,0,0,0,0,0,0,0,33
30/08/2012,N,CH282,215900,332544,CH,Rare,0.689665637,WH,4.2,5.4,1.62,10.7087,4,351,24.1932,0,0,0,0,24,0,0,0.5,0,0,0,0,0,0,0.5,0,0,0,0,0,0,0.5,11,0,0,0,0,0,0,0,0,0,0,0.5,0.5,0,0,0,0,0,1,0,0,0,0,0,0,0,0,1,0,62
26/07/2012,Y,CH287,216187,331343,CH,Abundant,0.744850893,Bog,4.24,4.1,1.54,5.93646,1,285,62.8189,0,0,0,0,10,0,0,0,0,0,0,0,0,0,0,0,0,0,0,0,0.5,0,6,0,0,0,0,0,0,0,0,0,0,0,0,0,0,0,0,0,0,0,0,0,0,0,0,0,0,0.5,0,84
31/08/2012,Y,CH291,216187,332546,CH,Abundant,0.747905511,Bog,4.11,2.5,1.47,5.51205,1,330,53.427,0,0,0,0,26,0,0,0,0,0,0,0,0,0,0,0,0,0,0,0,0.5,0.5,15,0,0,0,0,0,0,0,0,0,0,0,0,0,0,0,0,0,0,0,0,0,0,0,0,0,0,0,0,59.5
31/08/2012,N,CH291A,216252,332274,CH,Frequent,0.782398839,DH,4.22,9.3,1.89,7.66235,9,340,131.987,0,0,0,0,94,0,0,0,2,0,0,0,0,0,0,0,0,0,0,0.5,0,3,0,0,0,0,0,0,0,0,0,0,0,0.5,0,0,0,0,0,0,0,0,0,0,0,0,0,0,0,0.5,0,1
30/08/2012,Y,CH292,216184,332846,CH,Rare,0.784129981,Bog,4.9,7.9,1.69,3.3187,1,306,352.569,0,0,0,0,12,0,0,0,0,0,0,0,0,0,0,0,0,0,0,0,0,1,10,0,0,0,0,0,0,0,0,0,0,0,0,0,0,0,0,0,0,0,0,0,0,0,0,0,0,0.5,0,76.5
26/07/2012,Y,CH295,216488,331347,CH,Occaisional,0.710057678,WH,4.35,6.1,1.88,8.96054,1,239,64.6538,0,0,0,0.1,15.5,0,0,2,0,0,0,0,0,0,0,0,0,0,0,0,0.5,0,39,0,0,0,0,0,0,0,0,0,0,0,14,0,0,0,0,0,1,0,0,0,0,0,0,0,0,0,0,28
26/07/2012,Y,CH296,216490,331644,CH,Frequent,0.784215686,Bog,4.06,5.9,1.52,4.85846,1,262,118.072,0,0,0,0,1,0,0,0,0,0,0.5,0,0,0,0,0,0,0,0,3,0,0,0.5,0,0,0,0,0,0,0,0,0,0,0,0,0,0,0,0,0,0,0,0,0,0,0,0,0,0,0,0,95
26/07/2012,Y,CH296A,216512,331574,CH,Abundant,0.794986699,DH,3.94,5.1,1.79,5.65715,1,257,137.045,0,0,0,0,15,0,0,0,0.5,0,0,0,0,0,0,0,0,0,0,29.5,0,0,0,0,6,0,0,0,0,0,0.5,0,0,0,0.5,0,0,0,0,0,1,0,0,0,0,0,0,0,0,0.5,0,46.5
31/08/2012,Y,CH298,216505,332224,CH,None,0.808579699,Bog,4.28,2.3,1.28,3.1416,1,296,149.931,0,0,0,0,11,0,0,0,0,0,0,0,0,0,0,0,0,0,0,0,2,0.5,48,0,0,0,0,0,0,0,0,0,0,0,0,0,0,0,0,0,0,0,0,0,0,0,0,0,0,0,0,39.5
31/08/2012,Y,CH298A,216508,332091,CH,Abundant,0.802434474,DH,4.11,6,1.56,6.84571,1,291,148.627,0,0,0,0,38,0,0,0,0.5,0,0,0,0,0,0,0,0,0,0,1,0.5,0,0,0,0,0,0,0,0,0,0,0,0,0,0,0,0,0,0,0,0,0,0,0,0,0,0,0,0,0.5,0,59.5
26/07/2012,N,CH301,216788,331647,CH,None,0.761923497,DH,5.76,5.4,0.67,5.89543,12,198,96.953,30,0,0,0,0,0,0,0,0,0,0,0,0.5,0,0,0,0,0,1,0,0,0,0,0.5,0,0,5,0,0,0,1,0,0,0,0,0,0,0,0,0,12,0,0,0,0.5,0,0.5,0,0,0,0.5,50.5
07/08/2012,N,EM103,332714,328345,EM,None,0.825521742,Bog,4.25,1.8,1.28,11.907,7,377,280.244,0,0,0,0,10,0,0,0,0,0,0,0,0,0,0,0,0,0,0,13,4,30,0,0,0,0,0,0,0,0,0,0,0,0,15,0,0,8,0,0,0.5,0,0,0,0,5,0,0,0,0,0,15
23/06/2012,Y,EM122,333163,324312,EM,Rare,0.656650537,WH,4.47,2.2,1.54,14.1289,1,302,74.4454,0,0,0,0,5,0,0,0,0,0,37,0,0,0,0,0,0,0,0,10,20,0,0,0,0,0,0,0,0,0,0,0,0,0,0,0,0,0,0,0,0,0,0,0,0,18,0,0,0,0,0,5
23/06/2012,Y,EM123,333167,324784,EM,None,0.783692119,WH,4.55,0.8,0.46,8.44627,1,295,135,0,1,0,0,10,0,0,0,0,0,0,1,0,1,0,0,0,0,0,35,5,0,0,0,0,0,0,0,0,0,0,0,0,0,6,0,0,0,0,0,1,0,0,0,0,1,0,5,0,0,0,16
23/06/2012,Y,EM124,333175,325207,EM,None,0.747979328,DH,4.52,1.2,0.46,6.71504,1,328,86.3478,0.5,0,0,0,1,0,0,0,0,0,0,5,0,0,0,0,0,0,0,9,0,0,0,0,0,0,0,0,0,0,0,0,0,0,0,0,0,0,0,0,0,0.5,0,0,0,0.5,0,0,0,0,0,50
06/10/2012,N,EM134,333163,328340,EM,Frequent,0.868008662,DH,4.25,3.2,1.96,14.3988,7,392,202.319,0,0,0,0,0.5,0,1,0,0,0,0,0,0,0,0,0,0,0,0,14,7,0,0,0,0,0,0,0,0,0,0,0,0,0,69,0,9,0,0,0,1,0,0,0,0,0,0,0,0,0,0,0.5
29/06/2012,N,EM139,333607,323429,EM,Rare,0.632335807,DH,4.14,6.9,2.45,15.2142,11,286,60.8431,0,0,0,0,3,0,0,0,0,0,0,1,0,0,0,0,0,0,0,10,2,0,0,0,0,0,0,0,0,0,0,0,0,0,35,0,7,0,0,1,1,0,0,0,0,5,0,5,0,5,0,10
30/06/2012,Y,EM142,333606,324764,EM,None,0.735454625,WH,4.4,2.8,0.66,9.57404,1,250,101.976,0,0,0,0,10,0,0,0,0,0,0,5,0,0,0,0,0,0,0,0,25,0,0,0,0,0,0,0,0,0,0,0,0,0,35,0,0,0,0,1,4,0,0,0,0,5,0,0,0,0,0,15
30/06/2012,Y,EM143,333608,325211,EM,None,0.775282619,WH,4.59,0.7,0.23,6.18982,1,282,115.974,0,0.5,0,0,0,0,0,0,0,0,0,0,0,0,0,0,0,0,0,0,10,0,0,0,0,0,0,0,0,0,0,0,0,0,1,0,0.5,0,0,0,0,0,0,0,0,18,0,0,0,0,0,70
30/06/2012,Y,EM144,333614,325654,EM,None,0.725941529,WH,4.31,3.5,2.22,13.7594,1,309,117.35,0,5,0,0,0,0,0,0,0,0,1,0,0,0,0,0,0,0,0,0,10,0,0,0,0,0,0,0,0,0,0,0,0,0,26,0,5,0,0,1,3,0,0,0,0,4,0,2,0,0,0,44
03/08/2012,N,EM157,334055,324761,EM,None,0.865141324,WH,4.25,1.7,1.82,11.0059,11,202,226.042,0,0,0,0,11,0,0,0,0,0,0,0,0,0,0,0,0,0,0,0.5,10,0,0,0,0,0,0,0,0,0,0,0,0,0,78,0,0,1,0,0,0,0,0,0,0,10,0,0,0,0,0,0.5
24/06/2012,Y,EM160,334061,326108,EM,Frequent,0.59966401,DH,4.42,4.2,0.8,27.3886,1,309,112.109,11,0,0,0,2,0,0,0,0,0,0,16,0,0,0,0,0,0,0,0,2,0,0,6,0.5,0,0,0,0,0,0,0,0,0,12,0,5,0,0,0.5,1,0,0,0,0,0,0,0,0,0,0,40
24/06/2012,Y,EM162,334058,326552,EM,Rare,0.527126479,DH,4.08,3.9,1.88,28.2893,1,365,92.9289,0,0,0,0,10,0,0,0,0,0,0,3,0,0,0,0,0,0,0,8,0,0,0,0,0,0,0,0,0,0,0,0,0,0,6,0,0,0,0,0,1,0,0,0,0,0,0,2,0,0,0,55
02/08/2012,Y,EM175,334509,324759,EM,None,0.856133122,WH,4.39,4.1,1.1,9.64805,1,222,208.072,0,0,0,0,0,0,0,0,0,0,0,0,0,0,0,0,0,0,0,0.5,0,0,0,0,0,0,0,0,0,0,0,0,0,0,62,0,0,0,0,0.5,0.5,0,5,0,0,0,0,0.5,0,0,0,32
05/08/2012,Y,EM176,334502,325213,EM,Frequent,0.888535471,DH,4.18,2.9,1.37,19.6324,1,337,238.761,0,0.5,0,0,2,0,0,0,0,0,0,1,0,0,0,0,0,0,0,5,0,0,0,0,0,0,0,0,0,0,0,0,0,0,3,0,0,0,0,0,0.5,0,0,0,0,4,0,0.5,0,0,0,82
05/08/2012,Y,EM177,334504,325657,EM,Frequent,0.796543812,DH,4.18,5.5,2.23,27.1614,1,380,285.255,0,0,0,0,0.5,0,0,0,0.5,0,0,2,0,0,0,0,0,0,0,2,0,0,0,0,0,0,0,0,0,0,0,0,0,0,4,0,0,0,0,0,0,0,0,0,0,5,0,0,0,0,0,89
05/08/2012,Y,EM178,334497,326100,EM,None,0.834539842,DH,4.46,3.4,2.3,26.9417,1,338,273.102,0,0,0,0,0.5,0,0,0,0,0,0,0.5,0,0,0,0,0,0,0,1,0,0,0,0,0,0,0,0,0,0,0,0,0,0,75,0,0,0,0,0.5,0.5,0,0,0,0,0.5,0,0,0,0,0,21.5
02/08/2012,N,EM190,334949,324312,EM,None,0.857212555,WH,4.41,2.6,2.25,9.40944,13,214,236.07,0,0,0,0,24,0,0,0,0,0,0.5,0,0,0,0,0,0,0,0,0,7,0.5,0,0,0,0,0,0,0,0,0,0,0,0,33,0,0,0,0,0.5,0.5,0,0,0,0,23.5,0,0,0,0,0,9.5
18/08/2012,Y,EM193,334949,325211,EM,Frequent,0.903076488,DH,4.66,4.8,1.76,25.7823,1,480,233.842,0,3,0,0,0.5,0,0,0,0,0,0,13,0,0,0,0,0,0,0,5,0,0,0,0,0,0,0,0,0,0,0,0,0,0,0,0,1,0,0,0,0.5,0,0,0,0,0,0,0,0,0.5,0,74
18/08/2012,Y,EM194,334948,325656,EM,Frequent,0.805610635,DH,4.59,3.2,0.45,14.723,1,466,291.194,0,3,0,0,0.5,0,9,0,0,0,0,0,0,0,0,0,0,0,0,2,0,0,0,0,0,0,0,0,0,0,0,0,0,0,0,0,1,0,0,0.5,0.5,0,0,0,0,10,0,0,0,0,0,74.5
04/07/2012,Y,EM208,335399,323868,EM,Rare,0.847164698,WH,4.82,0.8,0.12,6.92754,9,231,233.366,0,0,0,0,4,0,0,0,0,0,0,0.5,0,0,0,0,0,0,0,3,10,0,0,0,0,0,0,0,0,0,0,0,0,0,15,0,0,0,0,0,0,0,0,0,0,25,0,1,0,0,0,45
15/07/2012,N,EM209,335396,324315,EM,None,0.884953753,WH,4.21,3.8,2.06,18.6757,14,310,240.781,0,0,0,0,15,0,0,0,0,0,0.5,0,0,0,0,0,0,0,0,10,0,0,0,0,0,0,0,0,0,0,0,0,0,0,69,0,0,0,0,0,0,0,0,0,0,5,0,0,0,0,0,0
15/07/2012,Y,EM210,335396,324313,EM,Rare,0.856424638,WH,4.43,1.8,0.86,10.3436,1,361,203.405,0,0,0,0,0,0,0,0,0,0,0,0.5,0,0,0,0,0,0,0,8,0,0,0,0,0,0,0,0,0,0,0,0,0,0,29,0,0,0,0,0,1,0,0,0,0,2.5,0,0,0,0,0,59
18/08/2012,N,EM212,335394,325656,EM,Occaisional,0.774000795,DH,4.48,1.4,0.22,4.60936,6,409,97.125,0,0.5,0,0,55,0,0,0,0,0,0,0.5,0,0,0,0,0,0,0,0.5,3,0,0,0,0,0,0,0,0,0,0,0,0,0,0,0,1,0,0,0,3,0,0,0,0,15,0,0,0,0,0,5
18/08/2012,N,EM213,335395,326103,EM,None,0.856776427,DH,4.04,4.2,1.95,9.07499,9,488,219.92,0,0,0,0,48,0,0,0,0,0,0,0,0,0,0,0,0,0,0,10,2,0,0,0,0,0,0,0,0,0,0,0,0,0,38,0,0,0,0,0,0.5,0,0,0,0,1,0,0,0,0,0,0.5
20/08/2012,N,EM227,335850,323875,EM,None,0.846966179,WH,4.14,3.2,1.94,10.229,12,312,190.376,9,0,0,0,32,0,0,0.5,0,0,0,0,0,0,0,0,0,0,0,6,1,0,0,0,0,0,0,0,0,0,0,0,0,0,30,0,0.5,0,0,0,1,0,0,0,0,18,0,0,0,0,0,1.5
20/08/2012,N,EM229,335839,325215,EM,None,0.840142538,WH,4.25,1.1,1.08,7.81757,17,395,259.509,0,0,0,0,2,0,0,0,0,0,0,0,0,0,0,0,0,0,0,11,1,0,0,0,0,0,0,0,0,0,0,0,0,0,3,0,0,0,0,0,0.5,0,0,0,0,67,0,0,0,0,0,15
20/08/2012,N,EM245,336314,324734,EM,None,0.900554524,DH,4.47,3.7,2.08,24.9182,17,420,214.032,0,0.5,0,0,60,0,0,0,0,0,0,10.5,0,0,0,0,0,0,0,20,0,0,0,0,0,0,0,0,0,0,0,0,0,0,0,0,0,0,0,0,1,0,0,0,0,0,0,0,0,0,0,8
20/08/2012,N,EM246,336294,325206,EM,Frequent,0.86757909,DH,4.33,2.7,1.64,12.2463,6,524,237.225,0,2,0,0,64,0,0,0,0,0,0,4,0,0.5,0,0,0,0,0,0,0,0,0,0,0,0,0,0,0,0,0,0,0,0,0,0,1,0,0,0,0.5,0,0,0,0,0.5,0,0,0,0,0,26.5
17/08/2012,Y,EM73,332270,325217,EM,Abundant,0.648822534,WH,4.23,3.5,2.11,13.6081,1,377,51.7098,0,0.5,0,0,7,0,0,0,0,0,0,0.5,0,0,0,0,0,0,0,8,0.5,0,0,0,0,0,0,0,0,0,0,0,0,0,15,0,0,0,0,0,4,0,0,0,0,1,0,0,0,0,0,65
17/08/2012,Y,EM74,332268,325654,EM,Abundant,0.866185588,WH,4.12,4.3,1.72,11.4773,1,417,217.999,0,0,0,0,8,0,0,0,0,0,0,0.5,0,0,0,0,0,0,0,17,0.5,0.5,0,0,0,0,0,0,0,0,0,0,0,0,0.5,0,0,0,0,0,0,0,0,0,0,2,0,0,0,0,0,72
07/08/2012,N,EM79,332269,327892,EM,None,0.745164693,WH,4.84,1.5,2.03,13.1201,12,320,125.395,0,0,0,0,0,0,0,0,0,0,0.5,0,0,0,0,0,0,0,0,6,7,0,0,0,0,0,0,0,0,0,0,0,0,0,60,0,0,1,0,0,0.5,0,0,0,0,12,0,0,0,0,0,2
29/06/2012,N,EM91,332716,323423,EM,None,0.560089445,DH,4.24,2.4,1.4,20.6354,8,554,32.5295,2,0,0,0,45,0,0,0,13,0,0,2,0,0,0,0,0,0,0,0,0,0,0,0,0,0,0,0,0,0,0,0,0,0,0,0,13,0,0,0,2,0,0,0,0,0,0,0,0,0,0,22
29/06/2012,Y,EM92,332718,323870,EM,Frequent,0.661799004,WH,4.32,2.7,1.75,12.9128,1,478,62.0378,0,6,0,0,6,0,0,0,5,0,0,7,0,0,0,0,0,0,0,10,12,0,0,0,0,0,0,0,0,0,0,0,0,0,1,0,12,0,0,1,1,0,0,0,0,5,0,0,0,0,0,40
17/08/2012,Y,EM95,332714,324828,EM,None,0.784966596,DH,4.32,2.6,2.25,5.38932,1,315,122.005,0,6,0,0,1,0,26,0,0,0,0,30,0,0,0,0,0,0,0,3,0,0.5,0,0,0,0,0,0,0,0,0,0,0,0,1,0,6,0,0,0.5,3,0,0,0,0,1,0,0,0,0,0,23.5
19/07/2012,Y,GR20,203712,353828,GR,None,0.790838187,WH,4.24,4.5,2.03,3.1996,1,195,116.565,0,0,0,0,0.5,0,0,0,0,0,0,0,0,0,0,0,0,0,0,0,2,1,2,0,0,0,0,0,0,0,0,0,0,0,52,29,0,1,0,0.5,1,0,0,0,0,0.5,0,0,0,0,0,12.5
19/07/2012,Y,GR21,203719,354123,GR,None,0.799187498,WH,4.25,4.9,2.5,3.23769,1,207,135,0,0,0,0,0.5,0,0,0,0,0,0,0,0,0,0,0,0,0,0,0,2,0,5,0,0,0,0,0,0,0,0,0,0,0,66,0,0,0,0,0.5,2,0,0,0,0,0,0,0,0,0,0,25.5
19/07/2012,Y,GR23,204002,353799,GR,None,0.767000264,WH,4.3,4.3,2.33,3.72995,1,184,32.4712,0,0,0,0,2,0,0,0,0,0,0,0,0,0,0,0,0,0,0,0,3,6,8,0,0,0,0,0,0,0,0,0,0,0,56,1,0,0,0,0.5,1,0,0,0,0,2,0,0,0,0,0,22.5
19/07/2012,Y,GR24,203962,354378,GR,None,0.810117882,WH,4.21,6.4,2.3,1.35863,1,215,161.565,0,0,0,0,8,0,0,0,0,0,0,0,0,0,0,0,0,0,0,0,1,0.5,1,0,0,0,0,0,0,0,0,0,0,0,44,0,0,0,0,0.5,1,0,0,0,0,1,0,0,0,0,0,45
19/07/2012,Y,GR26,204318,353821,GR,None,0.801420985,WH,4.31,2.8,1.54,0.859372,1,184,90,0,0,0,0,15,0,0,0,0,0,0.5,0,0,0,0,0,0,0,0,0,5,5,0.5,0,0,0,0,0,0,0,0,0,0,0,0,0,0,10,0,0,0,0,0,0,0,15,0,0,0,0,0,48
19/07/2012,Y,GR27,204390,354382,GR,None,0.682276266,WH,4.23,6.9,2.62,10.7306,1,211,36.4164,0,0,0,0,2,0,0,0,0,0,0,0,0,0,0,0,0,0,0,0,1,0,1,0,0,0,0,0,0,0,0,0,0,0,69,0,0,1,0,0,6,0,0,0,0,0,0,0,0,0,0,21
20/07/2012,Y,GR3,202291,354173,GR,Rare,0.809770918,Bog,4.2,4.2,2.22,0.90585,1,237,288.435,0,0,0,0,3,0,0,0,0,0,0.5,0,0,0,0,0,0,0,0,0,1,0.5,1,0,0,0,0,0,0,0,0,0,0,0,40,0,0,0.5,0,0,0.5,0,0,0,0,0,0,0,0,0,0,53.5
20/07/2012,Y,GR34,202769,353990,GR,Rare,0.797326124,Bog,4.26,2.9,1.94,1.09075,1,242,23.1986,0,0,0,0,9,0,0,0,0,0,0,0,0,0,0,0.5,0.5,0,0,0,0.5,1,4,0,0,0,0,0,0,0,0,0,0,0,0,0,0,3,0,0,0,0,0,0,0,0,0,0,0,0,0,83.5
20/07/2012,N,GR5,202515,353825,GR,Rare,0.797072072,Bog,4.22,2.7,1.99,1.18102,9,245,75.9638,0,0,0,0,41,0,0,0,0,0,0,0,0,0,0,0,0.5,0,0,0,1,2,0.5,0,0,0,0,0,0,0,0,0,0,0,0,0,0,18,0,0,0,0,0,0,0,2,0,0,0,0,0,43
20/07/2012,Y,GR6,202515,354127,GR,Rare,0.810667749,Bog,4.22,4.1,2.06,1.18102,1,241,284.036,0,0,0,0,11,0,0,0,0,0,0,0,0,0,0,0,0,0,0,0,4,0.5,12,0,0,0,0,0,0,0,0,0,0,0,0,0,0,0.5,0,0,0,0,0,0,0,8,0,0,0,0,0,65.5
20/07/2012,N,GR8,202816,353826,GR,None,0.803498514,Bog,4.12,4,2.17,0.730341,14,244,348.69,0,0,0,0,50,0,0,0,0,0,0,0,0,0,0,0,0.5,0,0,0,1,0,0.5,0,0,0,0,0,0,0,0,0,0,0,0,0,0,0.5,0,0,0,0,0,0,0,8,0,0,0,0,0,41
11/09/2012,Y,MNB,250988,381596,MN,None,0.647664483,DH,4.19,3.1,0.65,13.2274,1,391,51.9112,24,0.5,1,0,23,0,0,0.5,6,1,0,0,0,0,5,0,0,0,0,7,0,0,0,0,2,0.5,1,0,0,0,0.5,0.5,0,0.5,0,0,0,0,0,0,2,0,0,0,0,0,0,0,0,9,0,20
11/09/2012,Y,MNB102,251829,381518,MN,None,0.777805153,Bog,4.14,6.8,1.88,7.07974,1,426,319.899,0,0,0,0,3,0,0,0,0,0,0,0,0,0,9,0,0,0,0,0,0,0,34,0,0.5,0,0,0,0,0,0,0,0,0,0,0,0,0,0,0,0,0,0,0,0,0,0,0,0,26,0,27
11/09/2012,Y,MNB103,252119,381508,MN,Abundant,0.761198004,Bog,3.97,13.4,2.17,9.17928,1,411,124.919,0,0,0,0,30,0,0,0,0,0,2,0,0,0,5,0,0,0,0,0,0,0.5,0,0,0,0,0,0,0,0,0,0,0,0,0,0,0,0,0,0,0,0,0,0,0,0,0,0,0,1,0,62
07/09/2012,Y,MNB110,250930,381207,MN,None,0.689912316,Bog,3.95,7.1,1.94,11.8728,1,494,2.72631,0,0,0,0,1,0,0,0,0,0,0,0,0,0,32,0,0,0,0,0,0,0,15,0,9,0,0,0,0,0,0,0.5,0,0,0,0,0,0,0,0,0,0,0,0,0,0,0,0,0,15,0,28.5
14/09/2012,Y,MNB112,251527,381206,MN,None,0.754641804,Bog,3.98,10.7,2.18,6.95074,1,441,105.461,0,0,0,0,16,0,0,0,0,0,0,0,0,0,14,0,0,0,0,0,0,0.5,0,0,0,0,0,0,0,0,0,0,0,0,0,0,0,0,0,0,0,0,0,0,0,0,0,0,0,4,0,66
26/09/2012,Y,MNB121,251226,380914,MN,Occaisional,0.713752066,Bog,4.04,10,2.03,17.8226,1,492,126.781,0,0,0,0,24,0,0,0,0,0,0,0,0,0,22,0,0,0,0,0,0,0,0.5,0,2,0,0,0,0,0,0,3,0,0,0,0,0,0,0,0,0,0,0,0,0,0,0,0,0,4,0,47
26/09/2012,N,MNB129,250734,380615,MN,None,0.780789965,Bog,4.05,2.9,1.89,7.65189,15,498,135,0,0,0,0,64,0,0,0,0,0,0,0,0,0,0,0,0,2,0,0,0,0.5,3,0,0,0,0,0,0,0,0,0,0,0,0,0,0,0,0,0,0,0,0,0,0,0,0,0,0,5,0,26
15/09/2012,N,MNB130,250926,380609,MN,None,0.743838266,Bog,4.24,12.3,2.69,12.5186,13,464,125.838,9,25,0,0,41,0,0,0,0,0,0,0,0,0,0.5,0,0,0,0,0,0,0,6,0,2,0,0,0,0,0,0,0.5,0,1,0,0,1,0,0,0,9,0,0,0,0,0,0,0,0,0.5,0,5.5
12/09/2012,N,MNB131,251229,380613,MN,None,0.804814398,Bog,4.09,5.1,2.37,13.6861,12,428,160.821,1,0,0,0,12,0,0,0,0,0,0,0,0,0,8.5,0,0,0,0,0,0,0,52,0,0.5,0,0,0,0,0,0,0,0,0,0,0,0,0,0,0,21,0,0,0,0,0,0,0,0,0,0,5
14/09/2012,Y,MNB133,251824,380609,MN,None,0.747647008,Bog,4.03,5,1.61,6.56634,1,370,92.4896,0,0,0,0,39,0,0,0,0,0,0,0,0,0,12,0,0,0,0,0,0.5,1,23,0,0,0,0,0,0,0,0,0,0,0,1,0,0,0,0,0,0,0,0,0,0,0,0,0,0,0.5,0,23
05/09/2012,N,MNB139,250625,380308,MN,Rare,0.688790797,Bog,4.05,5.3,1.74,11.763,8,503,85.1792,0,0,0,0,78,0,0,0,0,0,0,0,0,0,2,0,0,1,0,0,0,0,0,0,0,0,0,0,0,0,0,0,0,0,0,0,0,0,0,0,0,0,0,0,0,0,0,0,0,2,0,17
14/09/2012,N,MNB142,251523,380303,MN,None,0.817318622,Bog,4.01,5.3,1.97,12.8174,1,363,167.949,0,0,0,0,78,0,0,0,0,0,0,0,0,0,0,0,0,0,0,0,0,1,12,0,0,0,0,0,0,0,0,0,0,0,0,0,0,0,0,0,0,0,0,0,0,0,0,0,0,5,0,9
05/09/2012,N,MNB149,250632,380009,MN,None,0.693584388,Bog,4,7.7,2.15,11.0041,11,505,81.8699,0,0,0,0,73,0,0,0,0,0,0,0,0,0,2,0,0,1,0,0,0,0,20,0,0,0,0,0,0,0,0,0,0,0,0,0,0,0,0,0,0,0,0,0,0,0,0,0,0,2,0,5
12/10/2012,N,MNB150,250926,380009,MN,None,0.582223359,Bog,4.12,8.6,1.91,19.3483,15,421,70.0169,0,6,0,0,40,0,0,0.5,0,0,0,0,0,0,0,0,0,0,0,0,0,0.5,4,0,0.5,0,0,0,0,0,0,0,0,0,0,0,0,0,0,0,0.5,0,0,0,0,0,0,0,0,2,0,46
12/09/2012,N,MNB151,251222,380017,MN,None,0.693788829,Bog,4.11,7.4,2.3,9.68482,17,371,58.1726,0,0,0,0,64,0,0,0,0,2,0,0,0,0,0,0,0,0,0,0,0,0.5,11,0,0,0,0,0,0,1,0,0,0,0,1,0,0,0,0,0,14,0,0,0,0,0,0,0,0,0,0,6.5
12/09/2012,N,MNB161,251229,379710,MN,None,0.703310634,Bog,4.06,5.4,1.78,8.9694,13,402,60.5928,0,0,0,0,70,0,0,0,0,0,0,0,0,0,0,0,0,0,0,0,0,0.5,5.5,0,0,0,0,0,0,0,0,0,0,0,0,0,0,0,0,0,0,0,0,0,0,0,0,0,0,0.5,0,24
14/09/2012,Y,MNB4,249724,384201,MN,None,0.777974577,Bog,3.9,7.5,1.7,6.50463,1,218,322.125,0.5,0,0,0,25,0,0,0,0,0,0,0,0,0,0,0,0,0,0,2,2,0.5,0,0,0.5,0,0,0,0,0,0,0,0,0,18,0,0,0,0,0,0.5,0,0,0,0,0,0,0,0,5,0,46
07/09/2012,N,MNB7,249789,384800,MN,None,0.854354473,DH,4.04,4.4,1.66,11.5767,16,224,203.749,0,0,0,0,81,0,0,0,0,0,0,0,0,0,0.5,0,0,0,0,1.5,0.5,0,0,0,0,0,0,0,0,0,0,0,0,0,1,0,0,0,0,0,0,0,0,0.1,0,0,0,0,0,0,0,15
07/09/2012,Y,MNB72,250324,381817,MN,None,0.802587004,Bog,3.92,4.5,1.79,13.7773,1,434,290.283,0.5,0,0,0,42,0,0,0.5,0,0,0,0,0,0,20,0,0,0,0,0,0,0,0,0,4,0,0,0,0,0,0,0,0,0,0,0,0,0,0,0,0,0,0,0,0,0,0,0,0,3,0,30
07/09/2012,Y,MNB86,250624,381813,MN,None,0.662577144,Bog,4.13,4.1,1.61,12.8279,1,432,70.7693,0,0,0,0,2,0,0,0,0,0,0,0,0,0,15,0,0,0,0,0,0,0,0,0,0.5,0,0,0,0,0,0,0,0,0,0,0,0,0,0,0,0,0,0,0,0,0,0,0,0,16,0,66.5
10/07/2012,N,SA106,312351,428950,SA,None,0.830307319,Bog,4,3.5,1.55,6.67592,6,325,250.017,0,0,0,0,40,0,0,0,0,0,0,0,0,0,0.5,0,0,1,0,0,4,3,27,0,0,0,0,0,0,0,0,0,0,0,0,0,0,0,0,0,0,0,0,0,0,0,0,0,0,1,0,24
06/07/2012,N,SA107,312310,429197,SA,None,0.784918469,Bog,4.05,6,1.59,3.69146,22,319,324.462,0,0,0,0,38,0,0,0,0,0,0,0,0,0,0,0,0,2,0,0,0,0,3,0,0,0,0,0,0,0,0,0,0.5,0,22,0,0,0,0,0,0,0,0,0,0,0,0,0,0,0,0,35
09/08/2012,N,SA108,312245,429580,SA,None,0.76606733,Bog,4.03,4.3,1.93,3.1996,10,302,26.5651,0,0,0,0,53,0,0,0,0,0,0,0,0,0,0,0,0,1,0,0,1,0,21,0,0,0,0,0,0,0,0,0,0,0,0,0,0,1,0,0,0,0,0,0,0,0,0,0,0,0,0,22
15/07/2012,Y,SA109,312350,430149,SA,None,0.78470516,Bog,4.24,5.4,1.59,7.94196,1,306,143.746,0,0,0,0,3,0,0,0,0,0,0,0,0,0,2,0,0,0,0,0,0.5,0,6,0,0,0,0,0,0,0,0,0,0,0,60,0,0,0,0,0,0,0,0,0,0,0,0,0,0,9,0,20.5
09/08/2012,N,SA121,312653,429255,SA,None,0.748576508,Bog,4.03,2,1.44,6.33492,18,332,352.235,0,0,0,0,71,0,0,0,0,0,0,0,0,0,0,0,0,0.5,0,0,0,0,6,0,0,0,0,0,0,0,0,0,0,0,0,0,0,1,0,0,0,0,0,0,0,0,0,0,0,0.5,0,27
15/07/2012,Y,SA122,312648,430450,SA,None,0.739625737,Bog,4.1,3.9,1.66,6.43292,1,300,86.1859,0,0,0,0,9,0,0,0,0,0,0,0,0,0,0,0,0,0.5,0,0,1,3,17,0,0,0,0,0,0,0,0,0,0,0,0,0,0,0,0,0,0,0,0,0,0,0,0,0,0,12,0,58
16/07/2012,Y,SA154,311147,430147,SA,None,0.81465792,Bog,4.2,5.2,1.51,6.30298,1,301,275.194,0,0,0,0,4,0,0,0,0,0,0,0,0,0,0,0,0,0,0,0,0.5,0,6,0,0,0,0,0,0,0,0,0,0,0,0,0,0,0,0,0,0,0,0,0,0,0,0,0,0,3,0,85.5
16/07/2012,Y,SA169,311450,430151,SA,None,0.812397462,Bog,4.13,5.7,1.63,3.57919,1,333,267.709,0,0,0,0,13,0,0,0,0,0,0,0,0,0,0,0,0,0,0,0,0.5,0,20,0,0,0,0,0,0,0,0,0,0,0,0,0,0,0,0,0,0,0,0,0,0,0,0,0,0,5,0,62
09/08/2012,Y,SA31,310579,429849,SA,None,0.814599108,Bog,4.08,4.1,1.42,5.86792,1,241,274.185,0,0,0,0,0.5,0,0,0,0,0,0,0,0,0,0.5,0,0,0,0,0,1,0,17,0,0,0,0,0,0,0,0,0,0,0,0,0,0,0,0,0,0,0,0,0,0,0,0,0,0,1,0,81.5
09/08/2012,Y,SA53,311151,429849,SA,None,0.833494613,Bog,4.04,6.2,1.82,6.25797,1,295,226.848,0,0,0,0,17,0,0,0,0,0.5,0,0,0,0,10,0,0,0.5,0,0,0.5,0.5,21,0,0,0.5,0,0,0,0,0,0,0,0.5,0,0,0,0,0,0,0,0,0,0,0,0,0,0,0,3,0,49.5
10/07/2012,Y,SA68,311452,429851,SA,Frequent,0.833850999,Bog,3.98,4.9,1.51,9.90836,1,316,189.058,0,0,0,0,10,0,0,0,0,0,0,0,0,0,0,0,0,0,0,0,0,0.5,4,0,0.5,0,0,0,0,0,0,0,0,2,0,0,0,0,0,0,0,0,0,0,0,0,0,0,0,2,0,82
06/07/2012,N,SA81,311748,429250,SA,None,0.818537828,Bog,3.97,4.3,1.75,3.29399,10,294,235.62,0,0,0,0,48,0,0,0,0,0,0,0,0,0,0,0,0,0,0,0,2,0,10,0,0,0,0,0,0,0,0,0,0,0,0,0,0,0,0,0,0,0,0,0,0,15,0,0,0,0,0,25
06/07/2012,N,SA82,311671,429475,SA,None,0.802137778,Bog,3.98,5.4,1.92,4.61818,7,291,291.801,0,0,0,0,62,0,0,0,0,0,0,0,0,0,0,0,0,0,0,0,3,0,15,0,0,0,0,0,0,0,0,0,0,0,0,0,0,0.5,0,0,0,0,0,0,0,5,0,0,0,0,0,14.5
10/07/2012,Y,SA83,311751,429854,SA,None,0.804145527,Bog,4.1,5.3,1.67,8.98488,1,311,161.565,0,0,0,0,13,0,0,0,0,0,0,0,0,0,0,0,0,0,0,0,0,0,13,0,0,0,0,0,0,0,0,0,0,0,0,0,0,0,0,0,0,0,0,0,0,0,0,0,0,0.5,0,73
16/07/2012,Y,SA84,311749,430152,SA,None,0.777563695,Bog,4.11,4.1,1.62,5.31353,1,334,126.254,0,0,0,0,1,0,0,0,0,0,0,0,0,0,0,0,0,0,0,0,0.5,0.5,22,0,0,0,0,0,0,0,0,0,0,0,0,0,0,0,0,0,0,0,0,0,0,0,0,0,0,3,0,74.5
16/07/2012,Y,SA85,311750,430450,SA,None,0.823443785,Bog,3.93,8.9,1.73,4.32226,1,352,214.216,0,0,0,0,11,0,0,0,0,0,0,0,0,0,3,0,0,0,0,0,0,0,22,0,0,0,0,0,0,0,0,0,0,0,0,0,0,0,0,0,0,0,0,0,0,0,0,0,0,30,0,34
06/07/2012,N,SA94,312052,429250,SA,None,0.815190299,Bog,3.97,3.8,2.24,2.75314,20,307,242.103,0,0,0,0,42,0,0,0,0,0,0,0,0,0,0,0,0,0,0,0,0,0,5,0,0,0,0,0,0,0,0,0,0,0,0,0,0,25,0,0,0,0,0,0,0,0,0,0,0,0,0,17
06/07/2012,N,SA95,311929,429495,SA,None,0.791178224,Bog,3.92,6.9,2.32,2.26364,12,303,325.305,0,0,0,0,33,0,0,0,0,0,0,0,0,0,0,0,0,8,0,0,1,0,3,0,0,0,0,0,0,0,0,0,0,0,0,0,0,25,0,0,0,0,0,0,0,12,0,0,0,0,0,18
16/07/2012,Y,SA97,312051,430150,SA,None,0.816517859,Bog,4.13,4.2,1.79,7.58085,1,325,174.611,0,0,0,0,11,0,0,0,0,0,0,0,0,0,0,0,0,0.5,0,0,2,0,12,0,0,0,0,0,0,0,0,0,0,0,0,0,0,1,0,0,0,0,0,0,0,0,0,0,0,0,0,74
03/10/2012,N,SH1,249827,346852,SH,None,0.793273311,Bog,3.95,5.9,1.85,7.51978,17,232,307.304,0,0,0,0,56,0,0,0,0,0,0,0,0,0,0,0,0,0,0,0,2,0.5,22,0,0,0,0,0,0,0,0,0,0,0,0,0,0,0,0,0,0,0,0,0,0,0,0,0,0,0,0,17.5
16/08/2012,Y,SH102,250127,344451,SH,None,0.785265038,Bog,4,5.8,2.04,2.59241,1,271,6.34019,0,0,0,0,0.5,0,0,0,0,0,0,0,0,0,0,0,0,0,0,0,0,44,2,0,0,0,0,0,0.5,0,0,0,0,0,0.5,0,0,0.5,0,0,0,0,0,0,0,1,0,0,0,0,0,55
16/08/2012,Y,SH103,250426,344455,SH,None,0.832430673,Bog,4.16,11,2.33,4.28915,1,289,233.13,0,0,0,0,0.5,0,0,0,0,0,0,0,0,0,0,0,0,0.5,0,0,0.5,0,58,0,0,0,0,0.5,0,0,0,0,0,0,20,0,0,0,0,0.5,1,0,0,0,0,0,0,0,0,0,0,21
28/08/2012,Y,SH104,250726,344452,SH,None,0.812944401,Bog,4.08,8.5,2.11,2.98822,1,309,286.699,0,0,0,0,0.5,0,0,0,0,0,0,0,0,0,0,0,0,0,0,0,0.5,0,20,0,0,0,0,0,0,0,0,0,0,0,50,0,0,0,0,0,3,0,0,0,0,2,0,0,0,0.5,0,24
16/08/2012,Y,SH121,250124,344158,SH,None,0.82218378,Bog,3.91,3.9,1.54,2.22716,1,273,225,0,0,0,0,2,0,0,0,0,0,0,0,0,0,11,0,0,0,0,0,0,0,5,0,0,0,0,0,0,0,0,0,0,0.5,0,0,0,0,0,0,0.5,0,0,0,0,0,0,0,0,3,0,81
03/10/2012,N,SH13,249829,346258,SH,None,0.809508253,Bog,3.97,2.3,1.49,1.28096,11,276,296.565,0,0,0,0,21,18,0,0,0,0,0,0,0,0,0,0,0.5,0,0,0,3,1,1,0,0,0,0,0,0,0,0,0,0,0,0,0,0,20,0,0,0,0,0,0,0,0.5,0,0,0,0.5,0,35.5
27/07/2012,N,SH14,250129,346256,SH,None,0.806526061,Bog,3.91,4,2.19,2.26364,9,292,145.305,0,0,0,0,60,0,0,0,0,0,0,0,0,0,0,0,0,0,0,0,1,0.5,3,0,0,0,0,0,0,0,0,0,0,0,0,0,0,7,0,0,0,0,0,0,0,0,0,0,0,0,0,27.5
31/07/2012,N,SH15,250427,346257,SH,None,0.784262651,Bog,3.96,4.5,1.84,2.30842,15,279,60.2551,0,0,0,0,34,0,0,0,0,0,0,0,0,0,0,0,0,0,0,0,1,0.5,9,0,0,0,0,0,0,0,0,0,0,0,0,0,0,0,0,0,0,0,0,0,0,0,0,0,0,0,0,57
27/09/2012,Y,SH186,252528,342354,SH,None,0.785135728,Bog,4.23,4.2,1.64,6.66686,1,314,131.532,0,0,0,0,34,0,0,0,0,0,0,0,0,0,0,0,0,0,0,0,4,0,1,0,0,0,0,0,0,0,0,0,0,0,45,0,0,0,0,0,0,0,0,0,0,0,0,0,0,1,0,12.5
27/09/2012,Y,SH191,252754,342075,SH,None,0.821958165,Bog,4.13,2,1.4,2.36968,1,313,244.983,0,0,0,0,21,0,0,0,0,0,0,0,0,0,0,0,0,0,0,0,10,1,3,0,0,0,0,0,0,0,0,0,0,0,0,0,0,6,0,0,0,0,0,0,0,16,0,0,0,0.5,0,44
13/08/2012,Y,SH198D,255339,344586,SH,None,0.735985798,Bog,4.05,5.1,1.98,9.30151,1,345,102.339,0,0,0,0,28,0,0,0,0,0,0.5,0,0,0,0,0,0,0,0,0,0.5,6,0,0,0,0,0,0,0,0,0,0,0,0,0,0,0,0,0,0.5,1,0,0,0,0,12,0,0,0,0.5,0,46
03/10/2012,N,SH22,249828,345957,SH,None,0.820685033,Bog,3.98,4.3,1.96,5.17424,7,260,173.66,0,0,0,0,54,0,0,0,0,0,0,0,0,0,0,0,0,0,0,0,7,1,25,0,0,0,0,0,0,0,0,0,0,0,0,0,0,0,0,0,0,0,0,0,0,0,0,0,0,11,0,12
27/07/2012,Y,SH23,250130,345955,SH,None,0.847047002,Bog,4.01,3.4,1.94,9.25026,1,289,197.879,0,0,0,0,2,0,0,0,0,0,0,0,0,0,0,0,0,0,0,0,14,0,0,0,0,0,0,0,0,0,0,0,0,0,0,0,0,0,0,0,0,0,0,0,0,44,0,0,0,0,0,41
05/10/2012,N,SH24,250427,345955,SH,None,0.790616875,Bog,3.96,3.4,2.12,1.91034,12,282,77.0054,0,0,0,0,34.5,0,0,0,0,0,0,0,0,0,0,0,0,0,0,0,4,0.5,2,0,0,0,0,0,0,0,0,0,0,0,0,0,0,12,0,0,0,0,0,0,0,20,0,0,0,0.5,0,27
31/07/2012,Y,SH32,250426,345656,SH,None,0.839875132,Bog,4.03,4.2,2.09,8.14813,1,252,192.095,0,0,0,0,3,0,0,0,0,0,0,0,0,0,0,0,0,0,0,0,2,0,4,0,0,0,0,0,0,0,0,0,0,0,0,0,0,0,0,0,0,0,0,0,0,35,0,0,0,0,0,52.5
27/07/2012,N,SH5,250127,346555,SH,None,0.666758272,Bog,3.94,6.1,2.15,13.1084,13,271,14.9314,0,0,0,0,54.5,0,0,0,0,0,0,0,0,0,0,0,0,0,0,0,0.5,19,0,0,0,0,0,0,0,0,0,0,0,0,0,0,0,0,0,0,0,0,0,0,0,0,0,0,0,0,0,26
05/10/2012,N,SH6,250428,346555,SH,None,0.814847477,Bog,4.01,2.1,1.36,4.88765,14,262,285.255,0,0,0,0,47,0,0,0,0,0,0,0,0,0,0,0,0,0,0,0,0.5,0,2,0,0,0,0,0,0,0,0,0,0,0,7,0,0,0,0,0,0,0,0,0,0,0,0,0,0,0.5,0,43
02/10/2012,Y,SH66,250729,345053,SH,None,0.776333507,Bog,4.22,5.9,1.79,5.74594,1,278,333.435,0,0,0,0,0,0,0,0,0,0,0,0,0,0,0,0,0,0,0,0,7,0.5,7,0,0,0,0,1,0,0,0,0,0,1,28,0,0,0,0,2,19,0,0,0,0,6,0,0,0,0,0,29
28/08/2012,Y,SH85,250730,344756,SH,None,0.786739243,Bog,3.91,4.6,2.17,4.22215,1,297,331.699,0,0,0,0,17,0,0,0,0,0,0,0,0,0,0,0,0,0,0,0,0.5,0.5,1,0,0,0,0,0,0,0,0,0,0,0,0,0,0,70,0,0,0,0,0,0,0,3,0,0,0,0,0,9.5
13/08/2012,Y,SH99,255527,344755,SH,None,0.761049261,Bog,4.03,9.2,1.71,8.91833,1,322,120.651,0,0.5,0,0,3,0,0,0,0,0,0,0,0,0,0,0,0,0.5,0,0,2,0.5,9,0,0,0,0,0,0,0,0,0,0,0,0,0,0,0,0,0,0,0,0,0,0,1,0,0,0.5,75,0,11
